{"name":"bloodPressureWidget","category":"view","description":"BP widget data (ACHF3)","metaData":null,"steps":[{"processorName":"jsonAql","processorData":"select\r\na/uid/value as uid,\r\na_a/data[at0001]/events[at0006]/data[at0003]/items[at0004]/value/magnitude as systolic,\r\na_a/data[at0001]/events[at0006]/data[at0003]/items[at0004]/value/units as systolic_units,\r\na_a/data[at0001]/events[at0006]/data[at0003]/items[at0005]/value/magnitude as diastolic,\r\na_a/data[at0001]/events[at0006]/data[at0003]/items[at0005]/value/units as diastolic_units,\r\na_a/data[at0001]/events[at0006]/time/value as measurement_time\r\nFROM EHR e\r\ncontains COMPOSITION a[openEHR-EHR-COMPOSITION.report.v1]\r\ncontains OBSERVATION a_a[openEHR-EHR-OBSERVATION.blood_pressure.v1]\r\nwhere e/ehr_id/value = :ehrId\r\norder by measurement_time desc\r\nlimit 1"}]}