{"name":"getPatientRegistryConsent","category":"view","description":"Get patient registry consent decision and information file (ACHF3 + LITE)","metaData":null,"steps":[{"processorName":"jsonAql","processorData":"select\r\nb_a/ism_transition/careflow_step/value as careflow_step,\r\nb_a/ism_transition/current_state/value as current_state,\r\nb_a/description[at0001]/items[at0012]/value/uri/value as consent_document,\r\nb_a/description[at0001]/items[at0012]/value/size as consent_document_size,\r\nb_a/description[at0001]/items[at0012]/value/media_type/code_string as consent_document_type,\r\nb_a/description[at0001]/items[at0008]/value/value as date_consent_given,\r\nb_a/description[at0001]/items[at0011]/value/value as comment,\r\nb_a/description[at0001]/items[at0002]/value/value as consent_type\r\nfrom EHR e\r\ncontains COMPOSITION a[openEHR-EHR-COMPOSITION.encounter.v1]\r\ncontains ACTION b_a[openEHR-EHR-ACTION.informed_consent.v0]\r\nwhere e/ehr_id/value = :ehrId and b_a/description[at0001]/items[at0002]/value/value='Registry Consent'\r\nlimit 1"}]}