{"name":"oximetryTimeline","category":"view","description":"Get oxygen saturation data from specific period of time. (ACHF3)","metaData":"{\r\n  \"parameters\": [\r\n    {\r\n      \"name\": \"from\",\r\n      \"type\": \"string\",\r\n      \"format\": \"date-time\",\r\n      \"description\": \"Limit by date from\"\r\n    },\r\n    {\r\n      \"name\": \"to\",\r\n      \"type\": \"string\",\r\n      \"format\": \"date-time\",\r\n      \"description\": \"Limit by date to\"\r\n    }\r\n  ]\r\n}","steps":[{"processorName":"jsonFtlAql","processorData":"select\r\n    a/uid/value as uid,\r\n    a_a/data[at0001]/events[at0002]/data[at0003]/items[at0006]/value/numerator as spO2,\r\n    a_a/data[at0001]/events[at0002]/time/value as measurement_time\r\nfrom EHR e\r\ncontains COMPOSITION a[openEHR-EHR-COMPOSITION.report.v1]\r\ncontains OBSERVATION a_a[openEHR-EHR-OBSERVATION.pulse_oximetry.v1]\r\nwhere e/ehr_id/value = :ehrId\r\n<#if ctx.vars.from??>and a_a/data[at0001]/events[at0002]/time/value >= :from </#if>\r\n<#if ctx.vars.to??>and a_a/data[at0001]/events[at0002]/time/value <= :to </#if>\r\norder by measurement_time asc\r\noffset :offset fetch :limit"}]}