<?xml version="1.0" encoding="UTF-8" standalone="yes"?><template xmlns="http://schemas.openehr.org/v1"><language><terminology_id><value>ISO_639-1</value></terminology_id><code_string>en</code_string></language><description><original_author id="date">2018-11-06</original_author><lifecycle_state>unmanaged</lifecycle_state><other_details id="licence">This work is licensed under the Creative Commons Attribution-ShareAlike 3.0 License. To view a copy of this license, visit http://creativecommons.org/licenses/by-sa/3.0/.</other_details><other_details id="custodian_organisation">openEHR Foundation</other_details><other_details id="original_namespace">org.openehr</other_details><other_details id="original_publisher">openEHR Foundation</other_details><other_details id="custodian_namespace">org.openehr</other_details><other_details id="build_uid">35f77377-7cdf-3e59-9831-b5cc4031df70</other_details><details><language><terminology_id><value>ISO_639-1</value></terminology_id><code_string>en</code_string></language><purpose>Not Specified</purpose></details></description><uid><value>84ab3532-e00d-4fb9-8151-3299c053c0d0</value></uid><template_id><value>Healthcare Visit/Encounter</value></template_id><concept>Healthcare Visit/Encounter</concept><definition><rm_type_name>COMPOSITION</rm_type_name><occurrences><lower_included>true</lower_included><upper_included>true</upper_included><lower_unbounded>false</lower_unbounded><upper_unbounded>false</upper_unbounded><lower>1</lower><upper>1</upper></occurrences><node_id>at0000</node_id><attributes xsi:type="C_SINGLE_ATTRIBUTE" xmlns:xsi="http://www.w3.org/2001/XMLSchema-instance"><rm_attribute_name>category</rm_attribute_name><existence><lower_included>true</lower_included><upper_included>true</upper_included><lower_unbounded>false</lower_unbounded><upper_unbounded>false</upper_unbounded><lower>1</lower><upper>1</upper></existence><match_negated>false</match_negated><children xsi:type="C_COMPLEX_OBJECT"><rm_type_name>DV_CODED_TEXT</rm_type_name><occurrences><lower_included>true</lower_included><upper_included>true</upper_included><lower_unbounded>false</lower_unbounded><upper_unbounded>false</upper_unbounded><lower>1</lower><upper>1</upper></occurrences><attributes xsi:type="C_SINGLE_ATTRIBUTE"><rm_attribute_name>defining_code</rm_attribute_name><existence><lower_included>true</lower_included><upper_included>true</upper_included><lower_unbounded>false</lower_unbounded><upper_unbounded>false</upper_unbounded><lower>1</lower><upper>1</upper></existence><match_negated>false</match_negated><children xsi:type="C_CODE_PHRASE"><rm_type_name>CODE_PHRASE</rm_type_name><occurrences><lower_included>true</lower_included><upper_included>true</upper_included><lower_unbounded>false</lower_unbounded><upper_unbounded>false</upper_unbounded><lower>1</lower><upper>1</upper></occurrences><terminology_id><value>openehr</value></terminology_id><code_list>433</code_list></children></attributes></children></attributes><attributes xsi:type="C_SINGLE_ATTRIBUTE" xmlns:xsi="http://www.w3.org/2001/XMLSchema-instance"><rm_attribute_name>context</rm_attribute_name><existence><lower_included>true</lower_included><upper_included>true</upper_included><lower_unbounded>false</lower_unbounded><upper_unbounded>false</upper_unbounded><lower>0</lower><upper>1</upper></existence><match_negated>false</match_negated><children xsi:type="C_COMPLEX_OBJECT"><rm_type_name>EVENT_CONTEXT</rm_type_name><occurrences><lower_included>true</lower_included><upper_included>true</upper_included><lower_unbounded>false</lower_unbounded><upper_unbounded>false</upper_unbounded><lower>1</lower><upper>1</upper></occurrences><attributes xsi:type="C_SINGLE_ATTRIBUTE"><rm_attribute_name>other_context</rm_attribute_name><existence><lower_included>true</lower_included><upper_included>true</upper_included><lower_unbounded>false</lower_unbounded><upper_unbounded>false</upper_unbounded><lower>0</lower><upper>1</upper></existence><match_negated>false</match_negated><children xsi:type="C_COMPLEX_OBJECT"><rm_type_name>ITEM_TREE</rm_type_name><occurrences><lower_included>true</lower_included><upper_included>true</upper_included><lower_unbounded>false</lower_unbounded><upper_unbounded>false</upper_unbounded><lower>1</lower><upper>1</upper></occurrences><node_id>at0001</node_id><attributes xsi:type="C_MULTIPLE_ATTRIBUTE"><rm_attribute_name>items</rm_attribute_name><existence><lower_included>true</lower_included><upper_included>true</upper_included><lower_unbounded>false</lower_unbounded><upper_unbounded>false</upper_unbounded><lower>0</lower><upper>1</upper></existence><match_negated>false</match_negated><children xsi:type="C_ARCHETYPE_ROOT"><rm_type_name>CLUSTER</rm_type_name><occurrences><lower_included>true</lower_included><upper_included>false</upper_included><lower_unbounded>false</lower_unbounded><upper_unbounded>true</upper_unbounded><lower>0</lower></occurrences><node_id>at0000</node_id><attributes xsi:type="C_MULTIPLE_ATTRIBUTE"><rm_attribute_name>items</rm_attribute_name><existence><lower_included>true</lower_included><upper_included>true</upper_included><lower_unbounded>false</lower_unbounded><upper_unbounded>false</upper_unbounded><lower>1</lower><upper>1</upper></existence><match_negated>false</match_negated><children xsi:type="C_COMPLEX_OBJECT"><rm_type_name>ELEMENT</rm_type_name><occurrences><lower_included>true</lower_included><upper_included>true</upper_included><lower_unbounded>false</lower_unbounded><upper_unbounded>false</upper_unbounded><lower>0</lower><upper>1</upper></occurrences><node_id>at0001</node_id><attributes xsi:type="C_SINGLE_ATTRIBUTE"><rm_attribute_name>value</rm_attribute_name><existence><lower_included>true</lower_included><upper_included>true</upper_included><lower_unbounded>false</lower_unbounded><upper_unbounded>false</upper_unbounded><lower>0</lower><upper>1</upper></existence><match_negated>false</match_negated><children xsi:type="C_COMPLEX_OBJECT"><rm_type_name>DV_TEXT</rm_type_name><occurrences><lower_included>true</lower_included><upper_included>true</upper_included><lower_unbounded>false</lower_unbounded><upper_unbounded>false</upper_unbounded><lower>1</lower><upper>1</upper></occurrences></children></attributes></children><children xsi:type="C_COMPLEX_OBJECT"><rm_type_name>ELEMENT</rm_type_name><occurrences><lower_included>true</lower_included><upper_included>true</upper_included><lower_unbounded>false</lower_unbounded><upper_unbounded>false</upper_unbounded><lower>0</lower><upper>1</upper></occurrences><node_id>at0002</node_id><attributes xsi:type="C_SINGLE_ATTRIBUTE"><rm_attribute_name>value</rm_attribute_name><existence><lower_included>true</lower_included><upper_included>true</upper_included><lower_unbounded>false</lower_unbounded><upper_unbounded>false</upper_unbounded><lower>0</lower><upper>1</upper></existence><match_negated>false</match_negated><children xsi:type="C_COMPLEX_OBJECT"><rm_type_name>DV_TEXT</rm_type_name><occurrences><lower_included>true</lower_included><upper_included>true</upper_included><lower_unbounded>false</lower_unbounded><upper_unbounded>false</upper_unbounded><lower>1</lower><upper>1</upper></occurrences></children></attributes></children><children xsi:type="C_COMPLEX_OBJECT"><rm_type_name>ELEMENT</rm_type_name><occurrences><lower_included>true</lower_included><upper_included>true</upper_included><lower_unbounded>false</lower_unbounded><upper_unbounded>false</upper_unbounded><lower>0</lower><upper>1</upper></occurrences><node_id>at0003</node_id><attributes xsi:type="C_SINGLE_ATTRIBUTE"><rm_attribute_name>value</rm_attribute_name><existence><lower_included>true</lower_included><upper_included>true</upper_included><lower_unbounded>false</lower_unbounded><upper_unbounded>false</upper_unbounded><lower>0</lower><upper>1</upper></existence><match_negated>false</match_negated><children xsi:type="C_COMPLEX_OBJECT"><rm_type_name>DV_CODED_TEXT</rm_type_name><occurrences><lower_included>true</lower_included><upper_included>true</upper_included><lower_unbounded>false</lower_unbounded><upper_unbounded>false</upper_unbounded><lower>1</lower><upper>1</upper></occurrences><attributes xsi:type="C_SINGLE_ATTRIBUTE"><rm_attribute_name>defining_code</rm_attribute_name><existence><lower_included>true</lower_included><upper_included>true</upper_included><lower_unbounded>false</lower_unbounded><upper_unbounded>false</upper_unbounded><lower>1</lower><upper>1</upper></existence><match_negated>false</match_negated><children xsi:type="C_CODE_PHRASE"><rm_type_name>CODE_PHRASE</rm_type_name><occurrences><lower_included>true</lower_included><upper_included>true</upper_included><lower_unbounded>false</lower_unbounded><upper_unbounded>false</upper_unbounded><lower>0</lower><upper>1</upper></occurrences><terminology_id><value>encounterReason</value></terminology_id><code_list>1</code_list><code_list>2</code_list><code_list>3</code_list><code_list>4</code_list></children></attributes></children></attributes></children><children xsi:type="C_COMPLEX_OBJECT"><rm_type_name>ELEMENT</rm_type_name><occurrences><lower_included>true</lower_included><upper_included>true</upper_included><lower_unbounded>false</lower_unbounded><upper_unbounded>false</upper_unbounded><lower>0</lower><upper>1</upper></occurrences><node_id>at0004</node_id><attributes xsi:type="C_SINGLE_ATTRIBUTE"><rm_attribute_name>value</rm_attribute_name><existence><lower_included>true</lower_included><upper_included>true</upper_included><lower_unbounded>false</lower_unbounded><upper_unbounded>false</upper_unbounded><lower>0</lower><upper>1</upper></existence><match_negated>false</match_negated><children xsi:type="C_COMPLEX_OBJECT"><rm_type_name>DV_CODED_TEXT</rm_type_name><occurrences><lower_included>true</lower_included><upper_included>true</upper_included><lower_unbounded>false</lower_unbounded><upper_unbounded>false</upper_unbounded><lower>1</lower><upper>1</upper></occurrences><attributes xsi:type="C_SINGLE_ATTRIBUTE"><rm_attribute_name>defining_code</rm_attribute_name><existence><lower_included>true</lower_included><upper_included>true</upper_included><lower_unbounded>false</lower_unbounded><upper_unbounded>false</upper_unbounded><lower>1</lower><upper>1</upper></existence><match_negated>false</match_negated><children xsi:type="C_CODE_PHRASE"><rm_type_name>CODE_PHRASE</rm_type_name><occurrences><lower_included>true</lower_included><upper_included>true</upper_included><lower_unbounded>false</lower_unbounded><upper_unbounded>false</upper_unbounded><lower>0</lower><upper>1</upper></occurrences><terminology_id><value>encounterType</value></terminology_id><code_list>AMB</code_list><code_list>EMER</code_list><code_list>FLD</code_list><code_list>HH</code_list><code_list>IMP</code_list><code_list>ACUTE</code_list><code_list>NONAC</code_list><code_list>PRENC</code_list><code_list>SS</code_list><code_list>VR</code_list></children></attributes></children></attributes></children><cardinality><is_ordered>false</is_ordered><is_unique>false</is_unique><interval><lower_included>true</lower_included><upper_included>false</upper_included><lower_unbounded>false</lower_unbounded><upper_unbounded>true</upper_unbounded><lower>1</lower></interval></cardinality></attributes><archetype_id><value>openEHR-EHR-CLUSTER.encounter_context.v0</value></archetype_id><term_definitions code="at0001"><items id="text">Appointment id</items><items id="description">Unique identifier for each appointment process.</items></term_definitions><term_definitions code="at0002"><items id="text">Encounter id</items><items id="description">Unique identifier for each encounter process.</items></term_definitions><term_definitions code="at0003"><items id="text">Encounter type</items><items id="description">Type of encounter, should be provided by terminology server.</items></term_definitions><term_definitions code="at0004"><items id="text">Encounter reason</items><items id="description">Reason for encounter, should be provided by terminology server.</items></term_definitions><term_definitions code="at0000"><items id="text">Encounter Context</items><items id="description">Provides extra information about the encounter context, regarding the internal cases used at Pathfinder for encounter types and reasons, along with an appointment and encounter id. Terminology should be loaded from the Think!EHR terminology adapter.</items></term_definitions><term_definitions code="1"><items id="text">Regular follow up, heart related</items></term_definitions><term_definitions code="2"><items id="text">Regular follow up, non heart related</items></term_definitions><term_definitions code="3"><items id="text">Other reasons, heart related</items></term_definitions><term_definitions code="4"><items id="text">Other reasons, non heart related</items></term_definitions><term_definitions code="AMB"><items id="text">Ambulatory</items></term_definitions><term_definitions code="EMER"><items id="text">Emergency</items></term_definitions><term_definitions code="FLD"><items id="text">Field</items></term_definitions><term_definitions code="HH"><items id="text">Home health</items></term_definitions><term_definitions code="IMP"><items id="text">Inpatient encounter</items></term_definitions><term_definitions code="ACUTE"><items id="text">Inpatient acute</items></term_definitions><term_definitions code="NONAC"><items id="text">Inpatient non-acute</items></term_definitions><term_definitions code="PRENC"><items id="text">Pre-admission</items></term_definitions><term_definitions code="SS"><items id="text">Short stay</items></term_definitions><term_definitions code="VR"><items id="text">Virtual</items></term_definitions></children><cardinality><is_ordered>false</is_ordered><is_unique>false</is_unique><interval><lower_included>true</lower_included><upper_included>false</upper_included><lower_unbounded>false</lower_unbounded><upper_unbounded>true</upper_unbounded><lower>0</lower></interval></cardinality></attributes></children></attributes></children></attributes><attributes xsi:type="C_MULTIPLE_ATTRIBUTE" xmlns:xsi="http://www.w3.org/2001/XMLSchema-instance"><rm_attribute_name>content</rm_attribute_name><existence><lower_included>true</lower_included><upper_included>true</upper_included><lower_unbounded>false</lower_unbounded><upper_unbounded>false</upper_unbounded><lower>0</lower><upper>1</upper></existence><match_negated>false</match_negated><children xsi:type="C_ARCHETYPE_ROOT"><rm_type_name>INSTRUCTION</rm_type_name><occurrences><lower_included>true</lower_included><upper_included>false</upper_included><lower_unbounded>false</lower_unbounded><upper_unbounded>true</upper_unbounded><lower>0</lower></occurrences><node_id>at0000</node_id><attributes xsi:type="C_MULTIPLE_ATTRIBUTE"><rm_attribute_name>activities</rm_attribute_name><existence><lower_included>true</lower_included><upper_included>true</upper_included><lower_unbounded>false</lower_unbounded><upper_unbounded>false</upper_unbounded><lower>0</lower><upper>1</upper></existence><match_negated>false</match_negated><children xsi:type="C_COMPLEX_OBJECT"><rm_type_name>ACTIVITY</rm_type_name><occurrences><lower_included>true</lower_included><upper_included>false</upper_included><lower_unbounded>false</lower_unbounded><upper_unbounded>true</upper_unbounded><lower>1</lower></occurrences><node_id>at0001</node_id><attributes xsi:type="C_SINGLE_ATTRIBUTE"><rm_attribute_name>description</rm_attribute_name><existence><lower_included>true</lower_included><upper_included>true</upper_included><lower_unbounded>false</lower_unbounded><upper_unbounded>false</upper_unbounded><lower>1</lower><upper>1</upper></existence><match_negated>false</match_negated><children xsi:type="C_COMPLEX_OBJECT"><rm_type_name>ITEM_TREE</rm_type_name><occurrences><lower_included>true</lower_included><upper_included>true</upper_included><lower_unbounded>false</lower_unbounded><upper_unbounded>false</upper_unbounded><lower>1</lower><upper>1</upper></occurrences><node_id>at0009</node_id><attributes xsi:type="C_MULTIPLE_ATTRIBUTE"><rm_attribute_name>items</rm_attribute_name><existence><lower_included>true</lower_included><upper_included>true</upper_included><lower_unbounded>false</lower_unbounded><upper_unbounded>false</upper_unbounded><lower>0</lower><upper>1</upper></existence><match_negated>false</match_negated><children xsi:type="C_COMPLEX_OBJECT"><rm_type_name>ELEMENT</rm_type_name><occurrences><lower_included>true</lower_included><upper_included>true</upper_included><lower_unbounded>false</lower_unbounded><upper_unbounded>false</upper_unbounded><lower>1</lower><upper>1</upper></occurrences><node_id>at0121</node_id><attributes xsi:type="C_SINGLE_ATTRIBUTE"><rm_attribute_name>value</rm_attribute_name><existence><lower_included>true</lower_included><upper_included>true</upper_included><lower_unbounded>false</lower_unbounded><upper_unbounded>false</upper_unbounded><lower>0</lower><upper>1</upper></existence><match_negated>false</match_negated><children xsi:type="C_COMPLEX_OBJECT"><rm_type_name>DV_TEXT</rm_type_name><occurrences><lower_included>true</lower_included><upper_included>true</upper_included><lower_unbounded>false</lower_unbounded><upper_unbounded>false</upper_unbounded><lower>1</lower><upper>1</upper></occurrences><attributes xsi:type="C_SINGLE_ATTRIBUTE"><rm_attribute_name>value</rm_attribute_name><existence><lower_included>true</lower_included><upper_included>true</upper_included><lower_unbounded>false</lower_unbounded><upper_unbounded>false</upper_unbounded><lower>1</lower><upper>1</upper></existence><match_negated>false</match_negated><children xsi:type="C_PRIMITIVE_OBJECT"><rm_type_name>STRING</rm_type_name><occurrences><lower_included>true</lower_included><upper_included>true</upper_included><lower_unbounded>false</lower_unbounded><upper_unbounded>false</upper_unbounded><lower>0</lower><upper>1</upper></occurrences><item xsi:type="C_STRING"><list>Healthcare Visit</list></item></children></attributes></children></attributes></children><children xsi:type="C_COMPLEX_OBJECT"><rm_type_name>ELEMENT</rm_type_name><occurrences><lower_included>true</lower_included><upper_included>false</upper_included><lower_unbounded>false</lower_unbounded><upper_unbounded>true</upper_unbounded><lower>0</lower></occurrences><node_id>at0152</node_id><attributes xsi:type="C_SINGLE_ATTRIBUTE"><rm_attribute_name>value</rm_attribute_name><existence><lower_included>true</lower_included><upper_included>true</upper_included><lower_unbounded>false</lower_unbounded><upper_unbounded>false</upper_unbounded><lower>0</lower><upper>1</upper></existence><match_negated>false</match_negated><children xsi:type="C_COMPLEX_OBJECT"><rm_type_name>DV_TEXT</rm_type_name><occurrences><lower_included>true</lower_included><upper_included>true</upper_included><lower_unbounded>false</lower_unbounded><upper_unbounded>false</upper_unbounded><lower>1</lower><upper>1</upper></occurrences></children></attributes></children><children xsi:type="C_COMPLEX_OBJECT"><rm_type_name>ELEMENT</rm_type_name><occurrences><lower_included>true</lower_included><upper_included>false</upper_included><lower_unbounded>false</lower_unbounded><upper_unbounded>true</upper_unbounded><lower>0</lower></occurrences><node_id>at0065</node_id><attributes xsi:type="C_SINGLE_ATTRIBUTE"><rm_attribute_name>value</rm_attribute_name><existence><lower_included>true</lower_included><upper_included>true</upper_included><lower_unbounded>false</lower_unbounded><upper_unbounded>false</upper_unbounded><lower>0</lower><upper>1</upper></existence><match_negated>false</match_negated><children xsi:type="C_COMPLEX_OBJECT"><rm_type_name>DV_TEXT</rm_type_name><occurrences><lower_included>true</lower_included><upper_included>true</upper_included><lower_unbounded>false</lower_unbounded><upper_unbounded>false</upper_unbounded><lower>1</lower><upper>1</upper></occurrences></children></attributes></children><children xsi:type="ARCHETYPE_SLOT"><rm_type_name>CLUSTER</rm_type_name><occurrences><lower_included>true</lower_included><upper_included>false</upper_included><lower_unbounded>false</lower_unbounded><upper_unbounded>true</upper_unbounded><lower>0</lower></occurrences><node_id>at0151</node_id><includes><string_expression>archetype_id/value matches {/openEHR-EHR-CLUSTER\.service_direction(-[a-zA-Z0-9_]+)*\.v0/}</string_expression><expression xsi:type="EXPR_BINARY_OPERATOR"><type>Boolean</type><operator>2007</operator><precedence_overridden>false</precedence_overridden><left_operand xsi:type="EXPR_LEAF"><type>String</type><item xsi:type="xs:string" xmlns:xs="http://www.w3.org/2001/XMLSchema">archetype_id/value</item><reference_type>ATTRIBUTE</reference_type></left_operand><right_operand xsi:type="EXPR_LEAF"><type>String</type><item xsi:type="C_STRING"><pattern>openEHR-EHR-CLUSTER\.service_direction(-[a-zA-Z0-9_]+)*\.v0</pattern></item><reference_type>CONSTRAINT</reference_type></right_operand></expression></includes></children><children xsi:type="C_COMPLEX_OBJECT"><rm_type_name>ELEMENT</rm_type_name><occurrences><lower_included>true</lower_included><upper_included>true</upper_included><lower_unbounded>false</lower_unbounded><upper_unbounded>false</upper_unbounded><lower>0</lower><upper>1</upper></occurrences><node_id>at0145</node_id><attributes xsi:type="C_SINGLE_ATTRIBUTE"><rm_attribute_name>value</rm_attribute_name><existence><lower_included>true</lower_included><upper_included>true</upper_included><lower_unbounded>false</lower_unbounded><upper_unbounded>false</upper_unbounded><lower>0</lower><upper>1</upper></existence><match_negated>false</match_negated><children xsi:type="C_COMPLEX_OBJECT"><rm_type_name>DV_DATE_TIME</rm_type_name><occurrences><lower_included>true</lower_included><upper_included>true</upper_included><lower_unbounded>false</lower_unbounded><upper_unbounded>false</upper_unbounded><lower>1</lower><upper>1</upper></occurrences></children></attributes></children><children xsi:type="ARCHETYPE_SLOT"><rm_type_name>CLUSTER</rm_type_name><occurrences><lower_included>true</lower_included><upper_included>false</upper_included><lower_unbounded>false</lower_unbounded><upper_unbounded>true</upper_unbounded><lower>0</lower></occurrences><node_id>at0132</node_id><includes><string_expression>archetype_id/value matches {/.*/}</string_expression><expression xsi:type="EXPR_BINARY_OPERATOR"><type>Boolean</type><operator>2007</operator><precedence_overridden>false</precedence_overridden><left_operand xsi:type="EXPR_LEAF"><type>String</type><item xsi:type="xs:string" xmlns:xs="http://www.w3.org/2001/XMLSchema">archetype_id/value</item><reference_type>ATTRIBUTE</reference_type></left_operand><right_operand xsi:type="EXPR_LEAF"><type>String</type><item xsi:type="C_STRING"><pattern>.*</pattern></item><reference_type>CONSTRAINT</reference_type></right_operand></expression></includes></children><children xsi:type="ARCHETYPE_SLOT"><rm_type_name>CLUSTER</rm_type_name><occurrences><lower_included>true</lower_included><upper_included>false</upper_included><lower_unbounded>false</lower_unbounded><upper_unbounded>true</upper_unbounded><lower>0</lower></occurrences><node_id>at0149</node_id><includes><string_expression>archetype_id/value matches {/openEHR-EHR-CLUSTER\.multimedia(-[a-zA-Z0-9_]+)*\.v1|openEHR-EHR-CLUSTER\.multimedia(-[a-zA-Z0-9_]+)*\.v0/}</string_expression><expression xsi:type="EXPR_BINARY_OPERATOR"><type>Boolean</type><operator>2007</operator><precedence_overridden>false</precedence_overridden><left_operand xsi:type="EXPR_LEAF"><type>String</type><item xsi:type="xs:string" xmlns:xs="http://www.w3.org/2001/XMLSchema">archetype_id/value</item><reference_type>ATTRIBUTE</reference_type></left_operand><right_operand xsi:type="EXPR_LEAF"><type>String</type><item xsi:type="C_STRING"><pattern>openEHR-EHR-CLUSTER\.multimedia(-[a-zA-Z0-9_]+)*\.v1|openEHR-EHR-CLUSTER\.multimedia(-[a-zA-Z0-9_]+)*\.v0</pattern></item><reference_type>CONSTRAINT</reference_type></right_operand></expression></includes></children><children xsi:type="ARCHETYPE_SLOT"><rm_type_name>CLUSTER</rm_type_name><occurrences><lower_included>true</lower_included><upper_included>false</upper_included><lower_unbounded>false</lower_unbounded><upper_unbounded>true</upper_unbounded><lower>0</lower></occurrences><node_id>at0116</node_id><includes><string_expression>archetype_id/value matches {/.*/}</string_expression><expression xsi:type="EXPR_BINARY_OPERATOR"><type>Boolean</type><operator>2007</operator><precedence_overridden>false</precedence_overridden><left_operand xsi:type="EXPR_LEAF"><type>String</type><item xsi:type="xs:string" xmlns:xs="http://www.w3.org/2001/XMLSchema">archetype_id/value</item><reference_type>ATTRIBUTE</reference_type></left_operand><right_operand xsi:type="EXPR_LEAF"><type>String</type><item xsi:type="C_STRING"><pattern>.*</pattern></item><reference_type>CONSTRAINT</reference_type></right_operand></expression></includes></children><children xsi:type="C_COMPLEX_OBJECT"><rm_type_name>ELEMENT</rm_type_name><occurrences><lower_included>true</lower_included><upper_included>true</upper_included><lower_unbounded>false</lower_unbounded><upper_unbounded>false</upper_unbounded><lower>0</lower><upper>1</upper></occurrences><node_id>at0150</node_id><attributes xsi:type="C_SINGLE_ATTRIBUTE"><rm_attribute_name>value</rm_attribute_name><existence><lower_included>true</lower_included><upper_included>true</upper_included><lower_unbounded>false</lower_unbounded><upper_unbounded>false</upper_unbounded><lower>0</lower><upper>1</upper></existence><match_negated>false</match_negated><children xsi:type="C_COMPLEX_OBJECT"><rm_type_name>DV_TEXT</rm_type_name><occurrences><lower_included>true</lower_included><upper_included>true</upper_included><lower_unbounded>false</lower_unbounded><upper_unbounded>false</upper_unbounded><lower>1</lower><upper>1</upper></occurrences></children></attributes></children><cardinality><is_ordered>false</is_ordered><is_unique>false</is_unique><interval><lower_included>true</lower_included><upper_included>false</upper_included><lower_unbounded>false</lower_unbounded><upper_unbounded>true</upper_unbounded><lower>1</lower></interval></cardinality></attributes></children></attributes></children><cardinality><is_ordered>false</is_ordered><is_unique>false</is_unique><interval><lower_included>true</lower_included><upper_included>false</upper_included><lower_unbounded>false</lower_unbounded><upper_unbounded>true</upper_unbounded><lower>0</lower></interval></cardinality></attributes><attributes xsi:type="C_SINGLE_ATTRIBUTE"><rm_attribute_name>protocol</rm_attribute_name><existence><lower_included>true</lower_included><upper_included>true</upper_included><lower_unbounded>false</lower_unbounded><upper_unbounded>false</upper_unbounded><lower>0</lower><upper>1</upper></existence><match_negated>false</match_negated><children xsi:type="C_COMPLEX_OBJECT"><rm_type_name>ITEM_TREE</rm_type_name><occurrences><lower_included>true</lower_included><upper_included>true</upper_included><lower_unbounded>false</lower_unbounded><upper_unbounded>false</upper_unbounded><lower>1</lower><upper>1</upper></occurrences><node_id>at0008</node_id><attributes xsi:type="C_MULTIPLE_ATTRIBUTE"><rm_attribute_name>items</rm_attribute_name><existence><lower_included>true</lower_included><upper_included>true</upper_included><lower_unbounded>false</lower_unbounded><upper_unbounded>false</upper_unbounded><lower>0</lower><upper>1</upper></existence><match_negated>false</match_negated><children xsi:type="C_COMPLEX_OBJECT"><rm_type_name>ELEMENT</rm_type_name><occurrences><lower_included>true</lower_included><upper_included>true</upper_included><lower_unbounded>false</lower_unbounded><upper_unbounded>false</upper_unbounded><lower>0</lower><upper>1</upper></occurrences><node_id>at0010</node_id><attributes xsi:type="C_SINGLE_ATTRIBUTE"><rm_attribute_name>value</rm_attribute_name><existence><lower_included>true</lower_included><upper_included>true</upper_included><lower_unbounded>false</lower_unbounded><upper_unbounded>false</upper_unbounded><lower>0</lower><upper>1</upper></existence><match_negated>false</match_negated><children xsi:type="C_COMPLEX_OBJECT"><rm_type_name>DV_TEXT</rm_type_name><occurrences><lower_included>true</lower_included><upper_included>true</upper_included><lower_unbounded>false</lower_unbounded><upper_unbounded>false</upper_unbounded><lower>1</lower><upper>1</upper></occurrences></children><children xsi:type="C_COMPLEX_OBJECT"><rm_type_name>DV_IDENTIFIER</rm_type_name><occurrences><lower_included>true</lower_included><upper_included>true</upper_included><lower_unbounded>false</lower_unbounded><upper_unbounded>false</upper_unbounded><lower>1</lower><upper>1</upper></occurrences></children></attributes></children><children xsi:type="ARCHETYPE_SLOT"><rm_type_name>CLUSTER</rm_type_name><occurrences><lower_included>true</lower_included><upper_included>true</upper_included><lower_unbounded>false</lower_unbounded><upper_unbounded>false</upper_unbounded><lower>0</lower><upper>1</upper></occurrences><node_id>at0141</node_id><includes><string_expression>archetype_id/value matches {/.*/}</string_expression><expression xsi:type="EXPR_BINARY_OPERATOR"><type>Boolean</type><operator>2007</operator><precedence_overridden>false</precedence_overridden><left_operand xsi:type="EXPR_LEAF"><type>String</type><item xsi:type="xs:string" xmlns:xs="http://www.w3.org/2001/XMLSchema">archetype_id/value</item><reference_type>ATTRIBUTE</reference_type></left_operand><right_operand xsi:type="EXPR_LEAF"><type>String</type><item xsi:type="C_STRING"><pattern>.*</pattern></item><reference_type>CONSTRAINT</reference_type></right_operand></expression></includes></children><children xsi:type="C_COMPLEX_OBJECT"><rm_type_name>ELEMENT</rm_type_name><occurrences><lower_included>true</lower_included><upper_included>true</upper_included><lower_unbounded>false</lower_unbounded><upper_unbounded>false</upper_unbounded><lower>0</lower><upper>1</upper></occurrences><node_id>at0011</node_id><attributes xsi:type="C_SINGLE_ATTRIBUTE"><rm_attribute_name>value</rm_attribute_name><existence><lower_included>true</lower_included><upper_included>true</upper_included><lower_unbounded>false</lower_unbounded><upper_unbounded>false</upper_unbounded><lower>0</lower><upper>1</upper></existence><match_negated>false</match_negated><children xsi:type="C_COMPLEX_OBJECT"><rm_type_name>DV_TEXT</rm_type_name><occurrences><lower_included>true</lower_included><upper_included>true</upper_included><lower_unbounded>false</lower_unbounded><upper_unbounded>false</upper_unbounded><lower>1</lower><upper>1</upper></occurrences></children><children xsi:type="C_COMPLEX_OBJECT"><rm_type_name>DV_IDENTIFIER</rm_type_name><occurrences><lower_included>true</lower_included><upper_included>true</upper_included><lower_unbounded>false</lower_unbounded><upper_unbounded>false</upper_unbounded><lower>1</lower><upper>1</upper></occurrences></children></attributes></children><children xsi:type="ARCHETYPE_SLOT"><rm_type_name>CLUSTER</rm_type_name><occurrences><lower_included>true</lower_included><upper_included>true</upper_included><lower_unbounded>false</lower_unbounded><upper_unbounded>false</upper_unbounded><lower>0</lower><upper>1</upper></occurrences><node_id>at0142</node_id><includes><string_expression>archetype_id/value matches {/.*/}</string_expression><expression xsi:type="EXPR_BINARY_OPERATOR"><type>Boolean</type><operator>2007</operator><precedence_overridden>false</precedence_overridden><left_operand xsi:type="EXPR_LEAF"><type>String</type><item xsi:type="xs:string" xmlns:xs="http://www.w3.org/2001/XMLSchema">archetype_id/value</item><reference_type>ATTRIBUTE</reference_type></left_operand><right_operand xsi:type="EXPR_LEAF"><type>String</type><item xsi:type="C_STRING"><pattern>.*</pattern></item><reference_type>CONSTRAINT</reference_type></right_operand></expression></includes></children><children xsi:type="C_COMPLEX_OBJECT"><rm_type_name>ELEMENT</rm_type_name><occurrences><lower_included>true</lower_included><upper_included>true</upper_included><lower_unbounded>false</lower_unbounded><upper_unbounded>false</upper_unbounded><lower>0</lower><upper>1</upper></occurrences><node_id>at0127</node_id><attributes xsi:type="C_SINGLE_ATTRIBUTE"><rm_attribute_name>value</rm_attribute_name><existence><lower_included>true</lower_included><upper_included>true</upper_included><lower_unbounded>false</lower_unbounded><upper_unbounded>false</upper_unbounded><lower>0</lower><upper>1</upper></existence><match_negated>false</match_negated><children xsi:type="C_COMPLEX_OBJECT"><rm_type_name>DV_TEXT</rm_type_name><occurrences><lower_included>true</lower_included><upper_included>true</upper_included><lower_unbounded>false</lower_unbounded><upper_unbounded>false</upper_unbounded><lower>1</lower><upper>1</upper></occurrences></children></attributes></children><children xsi:type="ARCHETYPE_SLOT"><rm_type_name>CLUSTER</rm_type_name><occurrences><lower_included>true</lower_included><upper_included>false</upper_included><lower_unbounded>false</lower_unbounded><upper_unbounded>true</upper_unbounded><lower>0</lower></occurrences><node_id>at0128</node_id><includes><string_expression>archetype_id/value matches {/openEHR-EHR-CLUSTER\.distribution\.v1/}</string_expression><expression xsi:type="EXPR_BINARY_OPERATOR"><type>Boolean</type><operator>2007</operator><precedence_overridden>false</precedence_overridden><left_operand xsi:type="EXPR_LEAF"><type>String</type><item xsi:type="xs:string" xmlns:xs="http://www.w3.org/2001/XMLSchema">archetype_id/value</item><reference_type>ATTRIBUTE</reference_type></left_operand><right_operand xsi:type="EXPR_LEAF"><type>String</type><item xsi:type="C_STRING"><pattern>openEHR-EHR-CLUSTER\.distribution\.v1</pattern></item><reference_type>CONSTRAINT</reference_type></right_operand></expression></includes></children><children xsi:type="ARCHETYPE_SLOT"><rm_type_name>CLUSTER</rm_type_name><occurrences><lower_included>true</lower_included><upper_included>false</upper_included><lower_unbounded>false</lower_unbounded><upper_unbounded>true</upper_unbounded><lower>0</lower></occurrences><node_id>at0112</node_id><includes><string_expression>archetype_id/value matches {/.*/}</string_expression><expression xsi:type="EXPR_BINARY_OPERATOR"><type>Boolean</type><operator>2007</operator><precedence_overridden>false</precedence_overridden><left_operand xsi:type="EXPR_LEAF"><type>String</type><item xsi:type="xs:string" xmlns:xs="http://www.w3.org/2001/XMLSchema">archetype_id/value</item><reference_type>ATTRIBUTE</reference_type></left_operand><right_operand xsi:type="EXPR_LEAF"><type>String</type><item xsi:type="C_STRING"><pattern>.*</pattern></item><reference_type>CONSTRAINT</reference_type></right_operand></expression></includes></children><cardinality><is_ordered>false</is_ordered><is_unique>false</is_unique><interval><lower_included>true</lower_included><upper_included>false</upper_included><lower_unbounded>false</lower_unbounded><upper_unbounded>true</upper_unbounded><lower>1</lower></interval></cardinality></attributes></children></attributes><archetype_id><value>openEHR-EHR-INSTRUCTION.service_request.v1</value></archetype_id><term_definitions code="at0001"><items id="text">Current Activity</items><items id="description">Current Activity.</items></term_definitions><term_definitions code="at0008"><items id="text">Tree</items><items id="description">@ internal @</items></term_definitions><term_definitions code="at0009"><items id="text">Tree</items><items id="description">@ internal @</items></term_definitions><term_definitions code="at0010"><items id="text">Requester order identifier</items><items id="description">The local identifier assigned by the requesting clinical system.</items><items id="comment">Usually equivalent to the HL7 Placer Order Identifier.</items></term_definitions><term_definitions code="at0011"><items id="text">Receiver order identifier</items><items id="description">The local identifier assigned to the request by the clinician or organisation receiving the request for service.</items><items id="comment">Usually equivalent to the HL7 Filler Order Identifier.</items></term_definitions><term_definitions code="at0040"><items id="text">Service due</items><items id="description">The date/time, or acceptable interval of date/time, for provision of the service.</items><items id="comment">This data element allows for recording of the timing for a single service, either as a date and time, a date ranges or a text descriptor which can allow for 'next available. In practice, clinicians will often think in terms of ordering services as approximate timing, for example: review in 3 months, 6 months or 12 months. As clinical systems need more exact parameters to operate on, this '3 months' will usually be converted to an exact date 3 months from the date of recording and stored using this data element. If complex timing or sequences of timings are required, use the CLUSTER.service_direction archetype within the 'Complex timing' SLOT and this data element becomes redundant.</items></term_definitions><term_definitions code="at0062"><items id="text">Reason for request</items><items id="description">A short phrase describing the reason for the request.</items><items id="comment">Coding of the 'Reason for request' with a coding system is desirable, if available. This data element allows multiple occurrences to enable the user to record a multiple responses, if required. For example: 'manage diabetes complications'.</items></term_definitions><term_definitions code="at0064"><items id="text">Reason description</items><items id="description">Narrative description about the reason for request.</items><items id="comment">For example: 'The patient's diabetes has recently become more difficult to stabilise and renal function is deteriorating'.</items></term_definitions><term_definitions code="at0065"><items id="text">Intent</items><items id="description">Description of the intent for the request.</items><items id="comment">For example: a referral to a specialist may have the intent of the specialist taking over responsibility for care of the patient, or it may be to provide a second opinion on treatment options. Coding of the 'Intent' with a coding system is desirable, if available. This data element allows multiple occurrences to enable the user to record a multiple responses, if required.</items></term_definitions><term_definitions code="at0068"><items id="text">Urgency</items><items id="description">Urgency of the request for service.</items><items id="comment">Specific definitions of emergency and urgent will vary between clinical contexts, clinical systems and the nature of the request itself, so have not been defined in this archetype. If explicit timing is required then the Service period should be clearly stated.</items></term_definitions><term_definitions code="at0076"><items id="text">Supplementary information</items><items id="description">Supplementary information will be following request.</items><items id="comment">Record as TRUE if additional information has been identified and will be forwarded when available. For example: pending test results.</items></term_definitions><term_definitions code="at0078"><items id="text">Information description</items><items id="description">Description of the supplementary information.</items></term_definitions><term_definitions code="at0112"><items id="text">Extension</items><items id="description">Additional information required to capture local content or to align with other reference models/formalisms.</items><items id="comment">For example: local information requirements or additional metadata to align with FHIR or CIMI equivalents.</items></term_definitions><term_definitions code="at0116"><items id="text">Patient requirements</items><items id="description">Language, transport or other personal requirements to support the patient's attendance or participation in provision of the service.</items></term_definitions><term_definitions code="at0121"><items id="text">Service name</items><items id="description">The name of the single service or activity requested.</items><items id="comment">Coding of the 'Service name' with a coding system is desirable, if available. For example: 'referral' to an endocrinologist for diabetes management.</items></term_definitions><term_definitions code="at0127"><items id="text">Request status</items><items id="description">The status of the request for service as indicated by the requester.</items><items id="comment">Status is used to denote whether this is the initial request, or a follow-up request to change or provide supplementary information. Coding with a terminology is preferred, where possible.</items></term_definitions><term_definitions code="at0128"><items id="text">Distribution list</items><items id="description">Details of additional clinicians, organisations or agencies who require copies of any communication.</items></term_definitions><term_definitions code="at0132"><items id="text">Specific details</items><items id="description">Additional detail about the service requested.</items><items id="comment">For example: Specimen details for a laboratory test request, or anatomical location for a procedure request.</items></term_definitions><term_definitions code="at0135"><items id="text">Description</items><items id="description">Narrative description about the service requested.</items><items id="comment">This data point should be used to describe the named service in more detail, including how it should be delivered, patient concerns and issues that might be encountered in delivering the service.</items></term_definitions><term_definitions code="at0136"><items id="text">Emergency</items><items id="description">The request requires immediate attention.</items></term_definitions><term_definitions code="at0137"><items id="text">Urgent</items><items id="description">The request requires prioritised attention.</items></term_definitions><term_definitions code="at0138"><items id="text">Routine</items><items id="description">The request does not require prioritised scheduling.</items></term_definitions><term_definitions code="at0141"><items id="text">Requester</items><items id="description">Details about the clinician or organisation requesting the service.</items></term_definitions><term_definitions code="at0142"><items id="text">Receiver</items><items id="description">Details about the clinician or organisation receiving the request for service.</items></term_definitions><term_definitions code="at0144"><items id="text">Service period expiry</items><items id="description">The date/time that marks the conclusion of the clinically valid period of time for delivery of this service.</items><items id="comment">This date/time is the equivalent to the latest possible date for service delivery or to the date of expiry for this request. For example: a service may be required to be completed before another event, such as scheduled surgery.</items></term_definitions><term_definitions code="at0145"><items id="text">Service period start</items><items id="description">The date/time that marks the beginning of the valid period of time for delivery of this service.</items><items id="comment">This date/time is the equivalent to the earliest possible date for service delivery. For example: sometimes a certain amount of time must pass before a service can be performed, for example some procedures can only be performed once the patient has stopped taking medications for a specific amount of time.</items></term_definitions><term_definitions code="at0147"><items id="text">Indefinite?</items><items id="description">The valid period for this request is open ended and has no date of expiry.</items><items id="comment">Record as TRUE to record explicity that the request has no expiry date. For example: commonly required for a referral to a specialist for long-term or lifelong care.</items></term_definitions><term_definitions code="at0148"><items id="text">Service type</items><items id="description">Category of service requested.</items><items id="comment">Coding of the 'Service type' with a coding system is desirable, if available. If the 'Service name' was coded, it is possible for this data point to be derived from the code. For example: biochemistry or microbiology laboratory, ultrasound or CT imaging.</items></term_definitions><term_definitions code="at0149"><items id="text">Supporting information</items><items id="description">Digital document, image, video or diagram supplied as additional information to support or inform the request.</items></term_definitions><term_definitions code="at0150"><items id="text">Comment</items><items id="description">Additional narrative about the service request not captured in other fields.</items></term_definitions><term_definitions code="at0151"><items id="text">Complex timing</items><items id="description">Details about a complex service request requiring a sequence of timings.</items><items id="comment">For example: 'hourly vital signs observations for 4 hours, then 4 hourly for 20 hours' or 'every third Wednesday for 3 visits' or .</items></term_definitions><term_definitions code="at0152"><items id="text">Clinical indication</items><items id="description">The clinical reason for the ordered service.</items><items id="comment">Coding of the clinical indication with a terminology is preferred, where possible. This data element allows multiple occurrences. For example: 'Angina' or 'Type 1 Diabetes mellitus'.</items></term_definitions><term_definitions code="at0000"><items id="text">Service request</items><items id="description">Request for a health-related service or activity to be delivered by a clinician, organisation or agency.</items></term_definitions></children><cardinality><is_ordered>false</is_ordered><is_unique>false</is_unique><interval><lower_included>true</lower_included><upper_included>false</upper_included><lower_unbounded>false</lower_unbounded><upper_unbounded>true</upper_unbounded><lower>0</lower></interval></cardinality></attributes><archetype_id><value>openEHR-EHR-COMPOSITION.encounter.v1</value></archetype_id><template_id><value>Healthcare Visit/Encounter</value></template_id><term_definitions code="at0001"><items id="text">Tree</items><items id="description">@ internal @</items></term_definitions><term_definitions code="at0002"><items id="text">Extension</items><items id="description">Additional information required to capture local context or to align with other reference models/formalisms.</items><items id="comment">e.g. Local hospital departmental infomation or additional metadata to align with FHIR or CIMI equivalents.</items></term_definitions><term_definitions code="at0000"><items id="text">Planned Visit</items><items id="description">Interaction, contact or care event between a subject of care and healthcare provider(s).</items></term_definitions></definition><ontology archetype_id="openEHR-EHR-COMPOSITION.encounter.v1"/><component_ontologies archetype_id="openEHR-EHR-CLUSTER.encounter_context.v0"/><component_ontologies archetype_id="openEHR-EHR-INSTRUCTION.service_request.v1"/><constraints><attributes><rm_attribute_name>value</rm_attribute_name><children><default_value xsi:type="DV_TEXT" xmlns:xsi="http://www.w3.org/2001/XMLSchema-instance"><value>Healthcare Visit</value></default_value></children><differential_path>[openEHR-EHR-COMPOSITION.encounter.v1]/content[openEHR-EHR-INSTRUCTION.service_request.v1]/activities[at0001]/description[at0009]/items[at0121]</differential_path></attributes></constraints></template>