{"name":"bodyTemperatureWidget","category":"view","description":"BT widget data (ACHF3)","metaData":null,"steps":[{"processorName":"jsonAql","processorData":"select\r\na/uid/value as uid,\r\na_a/data[at0002]/events[at0003]/data[at0001]/items[at0004]/value/magnitude as temperature,\r\na_a/data[at0002]/events[at0003]/data[at0001]/items[at0004]/value/units as units,\r\na_a/data[at0002]/origin/value as time_submitted\r\nFROM EHR e\r\ncontains COMPOSITION a[openEHR-EHR-COMPOSITION.report.v1]\r\ncontains OBSERVATION a_a[openEHR-EHR-OBSERVATION.body_temperature.v2]\r\nwhere e/ehr_id/value = :ehrId\r\norder by time_submitted desc\r\nlimit 1"}]}