{"name":"getHfClassification","category":"view","description":"Get patient NYHA and INTERMACS classification for heart failure (ACHF3 + LITE)","metaData":null,"steps":[{"processorName":"jsonAql","processorData":"select\r\n    a_a/data[at0001]/events[at0002]/data[at0003]/items[at0004]/value/value as nyha,\r\n    a_a/data[at0001]/origin/value as nyha_submitted_date,\r\n    a_b/data[at0001]/events[at0002]/data[at0003]/items[at0006]/value/symbol/value as intermacs,\r\n    a_b/data[at0001]/origin/value as intermacs_submitted_date\r\nfrom EHR e\r\ncontains COMPOSITION a[openEHR-EHR-COMPOSITION.encounter.v1]\r\ncontains (\r\nOBSERVATION a_a[openEHR-EHR-OBSERVATION.nyha_heart_failure.v1] and\r\nOBSERVATION a_b[openEHR-EHR-OBSERVATION.intermacs_profiles_heart_failure.v0])\r\nWHERE e/ehr_id/value = :ehrId\r\norder by nyha_submitted_date desc\r\nlimit 1"}]}