{"name":"getHfMainDiagnosis","category":"view","description":"Get main diagnosis, respective second level (if exists) and clinically recognized date.(ACHF3 + LITE)","metaData":null,"steps":[{"processorName":"jsonAql","processorData":"select\r\n    a_a/data[at0001]/items[at0002]/value/value as mainDiagnosis,\r\n    a_a/data[at0001]/items[at0010]/value/value as mainDiagnosis_date_clinically_recognized,\r\n    a_b/data[at0001]/events[at0002]/data[at0003]/items[at0004]/value/value as phenotypeHF\r\nfrom EHR e\r\ncontains COMPOSITION a[openEHR-EHR-COMPOSITION.encounter.v1]\r\ncontains (EVALUATION a_a[openEHR-EHR-EVALUATION.structural_heart_disorder.v0] AND OBSERVATION a_b[openEHR-EHR-OBSERVATION.ejection_fraction_heart_failure.v0])\r\nWHERE e/ehr_id/value = :ehrId\r\norder by mainDiagnosis_date_clinically_recognized desc\r\nlimit 1"}]}