{"name":"getVisitsACHF3","category":"view","description":"Get visits date - encounter + appointment (ACHF3)","metaData":null,"steps":[{"processorName":"jsonFtlAql","processorData":"select\r\n    a_a/activities[at0001]/description[at0009]/items[at0040, 'Date of appointment']/value/value as planned_date,\r\n    b/context/start_time/value as last_visit\r\nfrom EHR e\r\ncontains (COMPOSITION a[openEHR-EHR-COMPOSITION.appointment.v0] and COMPOSITION b[openEHR-EHR-COMPOSITION.encounter.v1]\r\nand INSTRUCTION a_a[openEHR-EHR-INSTRUCTION.service_request.v1])\r\nWHERE e/ehr_id/value = :ehrId\r\norder by planned_date desc, last_visit desc\r\nlimit 1"}]}