{"name":"heartRateTimeline","category":"view","description":"Get heart rate data from specific period of time (ACHF3)","metaData":"{\r\n  \"parameters\": [\r\n    {\r\n      \"name\": \"from\",\r\n      \"type\": \"string\",\r\n      \"format\": \"date-time\",\r\n      \"description\": \"Limit by date from\"\r\n    },\r\n    {\r\n      \"name\": \"to\",\r\n      \"type\": \"string\",\r\n      \"format\": \"date-time\",\r\n      \"description\": \"Limit by date to\"\r\n    }\r\n  ]\r\n}","steps":[{"processorName":"jsonFtlAql","processorData":"select\r\n\ta/uid/value as uid,\r\n\ta_a/data[at0002]/events[at0003]/data[at0001]/items[at0004]/value/magnitude as heart_rate,\r\n        a_a/data[at0002]/events[at0003]/data[at0001]/items[at0004]/value/units as units,\r\n\ta_a/data[at0002]/events[at0003]/time/value as measurement_time\r\nFROM EHR e\r\ncontains COMPOSITION a[openEHR-EHR-COMPOSITION.report.v1]\r\ncontains OBSERVATION a_a[openEHR-EHR-OBSERVATION.pulse.v1]\r\nwhere e/ehr_id/value = :ehrId\r\n<#if ctx.vars.from??>and a_a/data[at0002]/events[at0003]/time/value >= :from </#if>\r\n<#if ctx.vars.to??>and a_a/data[at0002]/events[at0003]/time/value <= :to </#if>\r\norder by measurement_time asc\r\noffset :offset fetch :limit"}]}