{"name":"bloodPressureTimeline","category":"view","description":"Get blood pressure data from specific period of time.","metaData":"{\r\n    \"parameters\": [\r\n        {\r\n            \"name\": \"from\",\r\n            \"type\": \"string\",\r\n            \"format\": \"date-time\",\r\n            \"description\": \"Limit by date from\"\r\n        },\r\n        {\r\n            \"name\": \"to\",\r\n            \"type\": \"string\",\r\n            \"format\": \"date-time\",\r\n            \"description\": \"Limit by date to\"\r\n        }\r\n    ]\r\n}","steps":[{"processorName":"jsonFtlAql","processorData":"select\r\na/uid/value as uid,\r\na_a/data[at0001]/events[at0006]/data[at0003]/items[at0004]/value/magnitude as systolic,\r\na_a/data[at0001]/events[at0006]/data[at0003]/items[at0005]/value/magnitude as diastolic,\r\na_a/data[at0001]/events[at0006]/time/value as measurement_time\r\nFROM EHR e\r\ncontains COMPOSITION a[openEHR-EHR-COMPOSITION.encounter.v1]\r\ncontains OBSERVATION a_a[openEHR-EHR-OBSERVATION.blood_pressure.v1]\r\nwhere e/ehr_id/value = :ehrId\r\n<#if ctx.vars.from??>and a_a/data[at0001]/events[at0006]/time/value >= :from </#if>\r\n<#if ctx.vars.to??>and a_a/data[at0001]/events[at0006]/time/value <= :to </#if>\r\norder by measurement_time asc\r\noffset :offset fetch :limit"}]}