<?xml version="1.0" encoding="UTF-8" standalone="yes"?><template xmlns="http://schemas.openehr.org/v1"><language><terminology_id><value>ISO_639-1</value></terminology_id><code_string>en</code_string></language><description><original_author id="date">2018-11-02</original_author><original_author id="name">Vanessa Pereira</original_author><original_author id="organisation">Marand d.o.o.</original_author><original_author id="email">vanessa.pereira@marand.si</original_author><lifecycle_state>unmanaged</lifecycle_state><other_details id="licence">This work is licensed under the Creative Commons Attribution-ShareAlike 3.0 License. To view a copy of this license, visit http://creativecommons.org/licenses/by-sa/3.0/.</other_details><other_details id="custodian_organisation">openEHR Foundation</other_details><other_details id="original_namespace">org.openehr</other_details><other_details id="original_publisher">openEHR Foundation</other_details><other_details id="custodian_namespace">org.openehr</other_details><other_details id="build_uid">35f77377-7cdf-3e59-9831-b5cc4031df70</other_details><details><language><terminology_id><value>ISO_639-1</value></terminology_id><code_string>en</code_string></language><purpose>Heart Failure Classification using NYHA and intermacs profiles</purpose><keywords>Heart Failure Classification</keywords></details></description><uid><value>d9d91bb6-0cd9-4e90-a929-f200b137e8ed</value></uid><template_id><value>Heart Failure Classification</value></template_id><concept>Heart Failure Classification</concept><definition><rm_type_name>COMPOSITION</rm_type_name><occurrences><lower_included>true</lower_included><upper_included>true</upper_included><lower_unbounded>false</lower_unbounded><upper_unbounded>false</upper_unbounded><lower>1</lower><upper>1</upper></occurrences><node_id>at0000</node_id><attributes xsi:type="C_SINGLE_ATTRIBUTE" xmlns:xsi="http://www.w3.org/2001/XMLSchema-instance"><rm_attribute_name>category</rm_attribute_name><existence><lower_included>true</lower_included><upper_included>true</upper_included><lower_unbounded>false</lower_unbounded><upper_unbounded>false</upper_unbounded><lower>1</lower><upper>1</upper></existence><match_negated>false</match_negated><children xsi:type="C_COMPLEX_OBJECT"><rm_type_name>DV_CODED_TEXT</rm_type_name><occurrences><lower_included>true</lower_included><upper_included>true</upper_included><lower_unbounded>false</lower_unbounded><upper_unbounded>false</upper_unbounded><lower>1</lower><upper>1</upper></occurrences><attributes xsi:type="C_SINGLE_ATTRIBUTE"><rm_attribute_name>defining_code</rm_attribute_name><existence><lower_included>true</lower_included><upper_included>true</upper_included><lower_unbounded>false</lower_unbounded><upper_unbounded>false</upper_unbounded><lower>1</lower><upper>1</upper></existence><match_negated>false</match_negated><children xsi:type="C_CODE_PHRASE"><rm_type_name>CODE_PHRASE</rm_type_name><occurrences><lower_included>true</lower_included><upper_included>true</upper_included><lower_unbounded>false</lower_unbounded><upper_unbounded>false</upper_unbounded><lower>1</lower><upper>1</upper></occurrences><terminology_id><value>openehr</value></terminology_id><code_list>433</code_list></children></attributes></children></attributes><attributes xsi:type="C_SINGLE_ATTRIBUTE" xmlns:xsi="http://www.w3.org/2001/XMLSchema-instance"><rm_attribute_name>context</rm_attribute_name><existence><lower_included>true</lower_included><upper_included>true</upper_included><lower_unbounded>false</lower_unbounded><upper_unbounded>false</upper_unbounded><lower>0</lower><upper>1</upper></existence><match_negated>false</match_negated><children xsi:type="C_COMPLEX_OBJECT"><rm_type_name>EVENT_CONTEXT</rm_type_name><occurrences><lower_included>true</lower_included><upper_included>true</upper_included><lower_unbounded>false</lower_unbounded><upper_unbounded>false</upper_unbounded><lower>1</lower><upper>1</upper></occurrences><attributes xsi:type="C_SINGLE_ATTRIBUTE"><rm_attribute_name>other_context</rm_attribute_name><existence><lower_included>true</lower_included><upper_included>true</upper_included><lower_unbounded>false</lower_unbounded><upper_unbounded>false</upper_unbounded><lower>0</lower><upper>1</upper></existence><match_negated>false</match_negated><children xsi:type="C_COMPLEX_OBJECT"><rm_type_name>ITEM_TREE</rm_type_name><occurrences><lower_included>true</lower_included><upper_included>true</upper_included><lower_unbounded>false</lower_unbounded><upper_unbounded>false</upper_unbounded><lower>1</lower><upper>1</upper></occurrences><node_id>at0001</node_id><attributes xsi:type="C_MULTIPLE_ATTRIBUTE"><rm_attribute_name>items</rm_attribute_name><existence><lower_included>true</lower_included><upper_included>true</upper_included><lower_unbounded>false</lower_unbounded><upper_unbounded>false</upper_unbounded><lower>0</lower><upper>1</upper></existence><match_negated>false</match_negated><children xsi:type="C_ARCHETYPE_ROOT"><rm_type_name>CLUSTER</rm_type_name><occurrences><lower_included>true</lower_included><upper_included>false</upper_included><lower_unbounded>false</lower_unbounded><upper_unbounded>true</upper_unbounded><lower>0</lower></occurrences><node_id>at0000</node_id><attributes xsi:type="C_MULTIPLE_ATTRIBUTE"><rm_attribute_name>items</rm_attribute_name><existence><lower_included>true</lower_included><upper_included>true</upper_included><lower_unbounded>false</lower_unbounded><upper_unbounded>false</upper_unbounded><lower>1</lower><upper>1</upper></existence><match_negated>false</match_negated><children xsi:type="C_COMPLEX_OBJECT"><rm_type_name>ELEMENT</rm_type_name><occurrences><lower_included>true</lower_included><upper_included>true</upper_included><lower_unbounded>false</lower_unbounded><upper_unbounded>false</upper_unbounded><lower>0</lower><upper>1</upper></occurrences><node_id>at0001</node_id><attributes xsi:type="C_SINGLE_ATTRIBUTE"><rm_attribute_name>value</rm_attribute_name><existence><lower_included>true</lower_included><upper_included>true</upper_included><lower_unbounded>false</lower_unbounded><upper_unbounded>false</upper_unbounded><lower>0</lower><upper>1</upper></existence><match_negated>false</match_negated><children xsi:type="C_COMPLEX_OBJECT"><rm_type_name>DV_TEXT</rm_type_name><occurrences><lower_included>true</lower_included><upper_included>true</upper_included><lower_unbounded>false</lower_unbounded><upper_unbounded>false</upper_unbounded><lower>1</lower><upper>1</upper></occurrences></children></attributes></children><children xsi:type="C_COMPLEX_OBJECT"><rm_type_name>ELEMENT</rm_type_name><occurrences><lower_included>true</lower_included><upper_included>true</upper_included><lower_unbounded>false</lower_unbounded><upper_unbounded>false</upper_unbounded><lower>0</lower><upper>1</upper></occurrences><node_id>at0002</node_id><attributes xsi:type="C_SINGLE_ATTRIBUTE"><rm_attribute_name>value</rm_attribute_name><existence><lower_included>true</lower_included><upper_included>true</upper_included><lower_unbounded>false</lower_unbounded><upper_unbounded>false</upper_unbounded><lower>0</lower><upper>1</upper></existence><match_negated>false</match_negated><children xsi:type="C_COMPLEX_OBJECT"><rm_type_name>DV_TEXT</rm_type_name><occurrences><lower_included>true</lower_included><upper_included>true</upper_included><lower_unbounded>false</lower_unbounded><upper_unbounded>false</upper_unbounded><lower>1</lower><upper>1</upper></occurrences></children></attributes></children><children xsi:type="C_COMPLEX_OBJECT"><rm_type_name>ELEMENT</rm_type_name><occurrences><lower_included>true</lower_included><upper_included>true</upper_included><lower_unbounded>false</lower_unbounded><upper_unbounded>false</upper_unbounded><lower>0</lower><upper>1</upper></occurrences><node_id>at0003</node_id><attributes xsi:type="C_SINGLE_ATTRIBUTE"><rm_attribute_name>value</rm_attribute_name><existence><lower_included>true</lower_included><upper_included>true</upper_included><lower_unbounded>false</lower_unbounded><upper_unbounded>false</upper_unbounded><lower>0</lower><upper>1</upper></existence><match_negated>false</match_negated><children xsi:type="C_COMPLEX_OBJECT"><rm_type_name>DV_TEXT</rm_type_name><occurrences><lower_included>true</lower_included><upper_included>true</upper_included><lower_unbounded>false</lower_unbounded><upper_unbounded>false</upper_unbounded><lower>1</lower><upper>1</upper></occurrences></children></attributes></children><children xsi:type="C_COMPLEX_OBJECT"><rm_type_name>ELEMENT</rm_type_name><occurrences><lower_included>true</lower_included><upper_included>true</upper_included><lower_unbounded>false</lower_unbounded><upper_unbounded>false</upper_unbounded><lower>0</lower><upper>1</upper></occurrences><node_id>at0004</node_id><attributes xsi:type="C_SINGLE_ATTRIBUTE"><rm_attribute_name>value</rm_attribute_name><existence><lower_included>true</lower_included><upper_included>true</upper_included><lower_unbounded>false</lower_unbounded><upper_unbounded>false</upper_unbounded><lower>0</lower><upper>1</upper></existence><match_negated>false</match_negated><children xsi:type="C_COMPLEX_OBJECT"><rm_type_name>DV_TEXT</rm_type_name><occurrences><lower_included>true</lower_included><upper_included>true</upper_included><lower_unbounded>false</lower_unbounded><upper_unbounded>false</upper_unbounded><lower>1</lower><upper>1</upper></occurrences></children></attributes></children><cardinality><is_ordered>false</is_ordered><is_unique>false</is_unique><interval><lower_included>true</lower_included><upper_included>false</upper_included><lower_unbounded>false</lower_unbounded><upper_unbounded>true</upper_unbounded><lower>1</lower></interval></cardinality></attributes><archetype_id><value>openEHR-EHR-CLUSTER.encounter_context.v0</value></archetype_id><term_definitions code="at0001"><items id="text">Appointment id</items><items id="description">Unique identifier for each appointment process.</items></term_definitions><term_definitions code="at0002"><items id="text">Encounter id</items><items id="description">Unique identifier for each encounter process.</items></term_definitions><term_definitions code="at0003"><items id="text">Encounter type</items><items id="description">Type of encounter, should be provided by terminology server.</items></term_definitions><term_definitions code="at0004"><items id="text">Encounter reason</items><items id="description">Reason for encounter, should be provided by terminology server.</items></term_definitions><term_definitions code="at0000"><items id="text">Encounter Context</items><items id="description">Provides extra information about the encounter context, regarding the internal cases used at Pathfinder for encounter types and reasons, along with an appointment and encounter id. Terminology should be loaded from the Think!EHR terminology adapter.</items></term_definitions></children><cardinality><is_ordered>false</is_ordered><is_unique>false</is_unique><interval><lower_included>true</lower_included><upper_included>false</upper_included><lower_unbounded>false</lower_unbounded><upper_unbounded>true</upper_unbounded><lower>0</lower></interval></cardinality></attributes></children></attributes></children></attributes><attributes xsi:type="C_MULTIPLE_ATTRIBUTE" xmlns:xsi="http://www.w3.org/2001/XMLSchema-instance"><rm_attribute_name>content</rm_attribute_name><existence><lower_included>true</lower_included><upper_included>true</upper_included><lower_unbounded>false</lower_unbounded><upper_unbounded>false</upper_unbounded><lower>0</lower><upper>1</upper></existence><match_negated>false</match_negated><children xsi:type="C_ARCHETYPE_ROOT"><rm_type_name>OBSERVATION</rm_type_name><occurrences><lower_included>true</lower_included><upper_included>false</upper_included><lower_unbounded>false</lower_unbounded><upper_unbounded>true</upper_unbounded><lower>0</lower></occurrences><node_id>at0000</node_id><attributes xsi:type="C_SINGLE_ATTRIBUTE"><rm_attribute_name>data</rm_attribute_name><existence><lower_included>true</lower_included><upper_included>true</upper_included><lower_unbounded>false</lower_unbounded><upper_unbounded>false</upper_unbounded><lower>1</lower><upper>1</upper></existence><match_negated>false</match_negated><children xsi:type="C_COMPLEX_OBJECT"><rm_type_name>HISTORY</rm_type_name><occurrences><lower_included>true</lower_included><upper_included>true</upper_included><lower_unbounded>false</lower_unbounded><upper_unbounded>false</upper_unbounded><lower>1</lower><upper>1</upper></occurrences><node_id>at0001</node_id><attributes xsi:type="C_MULTIPLE_ATTRIBUTE"><rm_attribute_name>events</rm_attribute_name><existence><lower_included>true</lower_included><upper_included>true</upper_included><lower_unbounded>false</lower_unbounded><upper_unbounded>false</upper_unbounded><lower>0</lower><upper>1</upper></existence><match_negated>false</match_negated><children xsi:type="C_COMPLEX_OBJECT"><rm_type_name>EVENT</rm_type_name><occurrences><lower_included>true</lower_included><upper_included>false</upper_included><lower_unbounded>false</lower_unbounded><upper_unbounded>true</upper_unbounded><lower>0</lower></occurrences><node_id>at0002</node_id><attributes xsi:type="C_SINGLE_ATTRIBUTE"><rm_attribute_name>data</rm_attribute_name><existence><lower_included>true</lower_included><upper_included>true</upper_included><lower_unbounded>false</lower_unbounded><upper_unbounded>false</upper_unbounded><lower>1</lower><upper>1</upper></existence><match_negated>false</match_negated><children xsi:type="C_COMPLEX_OBJECT"><rm_type_name>ITEM_TREE</rm_type_name><occurrences><lower_included>true</lower_included><upper_included>true</upper_included><lower_unbounded>false</lower_unbounded><upper_unbounded>false</upper_unbounded><lower>1</lower><upper>1</upper></occurrences><node_id>at0003</node_id><attributes xsi:type="C_MULTIPLE_ATTRIBUTE"><rm_attribute_name>items</rm_attribute_name><existence><lower_included>true</lower_included><upper_included>true</upper_included><lower_unbounded>false</lower_unbounded><upper_unbounded>false</upper_unbounded><lower>0</lower><upper>1</upper></existence><match_negated>false</match_negated><children xsi:type="C_COMPLEX_OBJECT"><rm_type_name>ELEMENT</rm_type_name><occurrences><lower_included>true</lower_included><upper_included>true</upper_included><lower_unbounded>false</lower_unbounded><upper_unbounded>false</upper_unbounded><lower>0</lower><upper>1</upper></occurrences><node_id>at0004</node_id><attributes xsi:type="C_SINGLE_ATTRIBUTE"><rm_attribute_name>value</rm_attribute_name><existence><lower_included>true</lower_included><upper_included>true</upper_included><lower_unbounded>false</lower_unbounded><upper_unbounded>false</upper_unbounded><lower>0</lower><upper>1</upper></existence><match_negated>false</match_negated><children xsi:type="C_COMPLEX_OBJECT"><rm_type_name>DV_CODED_TEXT</rm_type_name><occurrences><lower_included>true</lower_included><upper_included>true</upper_included><lower_unbounded>false</lower_unbounded><upper_unbounded>false</upper_unbounded><lower>1</lower><upper>1</upper></occurrences><attributes xsi:type="C_SINGLE_ATTRIBUTE"><rm_attribute_name>defining_code</rm_attribute_name><existence><lower_included>true</lower_included><upper_included>true</upper_included><lower_unbounded>false</lower_unbounded><upper_unbounded>false</upper_unbounded><lower>1</lower><upper>1</upper></existence><match_negated>false</match_negated><children xsi:type="C_CODE_PHRASE"><rm_type_name>CODE_PHRASE</rm_type_name><occurrences><lower_included>true</lower_included><upper_included>true</upper_included><lower_unbounded>false</lower_unbounded><upper_unbounded>false</upper_unbounded><lower>1</lower><upper>1</upper></occurrences><terminology_id><value>local</value></terminology_id><code_list>at0005</code_list><code_list>at0006</code_list><code_list>at0007</code_list><code_list>at0010</code_list></children></attributes></children></attributes></children><children xsi:type="C_COMPLEX_OBJECT"><rm_type_name>ELEMENT</rm_type_name><occurrences><lower_included>true</lower_included><upper_included>true</upper_included><lower_unbounded>false</lower_unbounded><upper_unbounded>false</upper_unbounded><lower>0</lower><upper>1</upper></occurrences><node_id>at0011</node_id><attributes xsi:type="C_SINGLE_ATTRIBUTE"><rm_attribute_name>value</rm_attribute_name><existence><lower_included>true</lower_included><upper_included>true</upper_included><lower_unbounded>false</lower_unbounded><upper_unbounded>false</upper_unbounded><lower>0</lower><upper>1</upper></existence><match_negated>false</match_negated><children xsi:type="C_COMPLEX_OBJECT"><rm_type_name>DV_CODED_TEXT</rm_type_name><occurrences><lower_included>true</lower_included><upper_included>true</upper_included><lower_unbounded>false</lower_unbounded><upper_unbounded>false</upper_unbounded><lower>1</lower><upper>1</upper></occurrences><attributes xsi:type="C_SINGLE_ATTRIBUTE"><rm_attribute_name>defining_code</rm_attribute_name><existence><lower_included>true</lower_included><upper_included>true</upper_included><lower_unbounded>false</lower_unbounded><upper_unbounded>false</upper_unbounded><lower>1</lower><upper>1</upper></existence><match_negated>false</match_negated><children xsi:type="C_CODE_PHRASE"><rm_type_name>CODE_PHRASE</rm_type_name><occurrences><lower_included>true</lower_included><upper_included>true</upper_included><lower_unbounded>false</lower_unbounded><upper_unbounded>false</upper_unbounded><lower>1</lower><upper>1</upper></occurrences><terminology_id><value>local</value></terminology_id><code_list>at0012</code_list><code_list>at0013</code_list><code_list>at0014</code_list><code_list>at0015</code_list></children></attributes></children></attributes></children><cardinality><is_ordered>false</is_ordered><is_unique>false</is_unique><interval><lower_included>true</lower_included><upper_included>false</upper_included><lower_unbounded>false</lower_unbounded><upper_unbounded>true</upper_unbounded><lower>0</lower></interval></cardinality></attributes></children></attributes><attributes xsi:type="C_SINGLE_ATTRIBUTE"><rm_attribute_name>state</rm_attribute_name><existence><lower_included>true</lower_included><upper_included>true</upper_included><lower_unbounded>false</lower_unbounded><upper_unbounded>false</upper_unbounded><lower>0</lower><upper>1</upper></existence><match_negated>false</match_negated><children xsi:type="C_COMPLEX_OBJECT"><rm_type_name>ITEM_TREE</rm_type_name><occurrences><lower_included>true</lower_included><upper_included>true</upper_included><lower_unbounded>false</lower_unbounded><upper_unbounded>false</upper_unbounded><lower>1</lower><upper>1</upper></occurrences><node_id>at0016</node_id><attributes xsi:type="C_MULTIPLE_ATTRIBUTE"><rm_attribute_name>items</rm_attribute_name><existence><lower_included>true</lower_included><upper_included>true</upper_included><lower_unbounded>false</lower_unbounded><upper_unbounded>false</upper_unbounded><lower>0</lower><upper>1</upper></existence><match_negated>false</match_negated><children xsi:type="C_COMPLEX_OBJECT"><rm_type_name>ELEMENT</rm_type_name><occurrences><lower_included>true</lower_included><upper_included>true</upper_included><lower_unbounded>false</lower_unbounded><upper_unbounded>false</upper_unbounded><lower>0</lower><upper>1</upper></occurrences><node_id>at0017</node_id><attributes xsi:type="C_SINGLE_ATTRIBUTE"><rm_attribute_name>value</rm_attribute_name><existence><lower_included>true</lower_included><upper_included>true</upper_included><lower_unbounded>false</lower_unbounded><upper_unbounded>false</upper_unbounded><lower>0</lower><upper>1</upper></existence><match_negated>false</match_negated><children xsi:type="C_COMPLEX_OBJECT"><rm_type_name>DV_TEXT</rm_type_name><occurrences><lower_included>true</lower_included><upper_included>true</upper_included><lower_unbounded>false</lower_unbounded><upper_unbounded>false</upper_unbounded><lower>1</lower><upper>1</upper></occurrences></children></attributes></children><cardinality><is_ordered>false</is_ordered><is_unique>false</is_unique><interval><lower_included>true</lower_included><upper_included>false</upper_included><lower_unbounded>false</lower_unbounded><upper_unbounded>true</upper_unbounded><lower>0</lower></interval></cardinality></attributes></children></attributes></children><cardinality><is_ordered>false</is_ordered><is_unique>false</is_unique><interval><lower_included>true</lower_included><upper_included>false</upper_included><lower_unbounded>false</lower_unbounded><upper_unbounded>true</upper_unbounded><lower>1</lower></interval></cardinality></attributes></children></attributes><attributes xsi:type="C_SINGLE_ATTRIBUTE"><rm_attribute_name>protocol</rm_attribute_name><existence><lower_included>true</lower_included><upper_included>true</upper_included><lower_unbounded>false</lower_unbounded><upper_unbounded>false</upper_unbounded><lower>0</lower><upper>1</upper></existence><match_negated>false</match_negated><children xsi:type="C_COMPLEX_OBJECT"><rm_type_name>ITEM_TREE</rm_type_name><occurrences><lower_included>true</lower_included><upper_included>true</upper_included><lower_unbounded>false</lower_unbounded><upper_unbounded>false</upper_unbounded><lower>1</lower><upper>1</upper></occurrences><node_id>at0018</node_id><attributes xsi:type="C_MULTIPLE_ATTRIBUTE"><rm_attribute_name>items</rm_attribute_name><existence><lower_included>true</lower_included><upper_included>true</upper_included><lower_unbounded>false</lower_unbounded><upper_unbounded>false</upper_unbounded><lower>0</lower><upper>1</upper></existence><match_negated>false</match_negated><children xsi:type="ARCHETYPE_SLOT"><rm_type_name>CLUSTER</rm_type_name><occurrences><lower_included>true</lower_included><upper_included>false</upper_included><lower_unbounded>false</lower_unbounded><upper_unbounded>true</upper_unbounded><lower>0</lower></occurrences><node_id>at0019</node_id><includes><string_expression>archetype_id/value matches {/.*/}</string_expression><expression xsi:type="EXPR_BINARY_OPERATOR"><type>Boolean</type><operator>2007</operator><precedence_overridden>false</precedence_overridden><left_operand xsi:type="EXPR_LEAF"><type>String</type><item xsi:type="xs:string" xmlns:xs="http://www.w3.org/2001/XMLSchema">archetype_id/value</item><reference_type>ATTRIBUTE</reference_type></left_operand><right_operand xsi:type="EXPR_LEAF"><type>String</type><item xsi:type="C_STRING"><pattern>.*</pattern></item><reference_type>CONSTRAINT</reference_type></right_operand></expression></includes></children><cardinality><is_ordered>false</is_ordered><is_unique>false</is_unique><interval><lower_included>true</lower_included><upper_included>false</upper_included><lower_unbounded>false</lower_unbounded><upper_unbounded>true</upper_unbounded><lower>0</lower></interval></cardinality></attributes></children></attributes><archetype_id><value>openEHR-EHR-OBSERVATION.nyha_heart_failure.v1</value></archetype_id><term_definitions code="at0001"><items id="text">Event Series</items><items id="description">@ internal @</items></term_definitions><term_definitions code="at0002"><items id="text">Any event</items><items id="description">Default, unspecified point in time or interval event which may be explicitly defined in a template or at run-time.</items></term_definitions><term_definitions code="at0003"><items id="text">Tree</items><items id="description">@ internal @</items></term_definitions><term_definitions code="at0004"><items id="text">Functional capacity</items><items id="description">Assessment of heart failure based on how a patient with cardiac disease feels during physical activity.</items><items id="comment">Class III and the Class III subtypes, IIIa and IIIb, are intended to be mutually exclusive but are included in this internal code set for completeness. Within a template either the Class III alone or both of the subtypes, IIIa and IIIb, should be set to inactive.</items></term_definitions><term_definitions code="at0005"><items id="text">Class I</items><items id="description">No limitation of physical activity. Ordinary physical activity does not cause undue fatigue, palpitation, dyspnea (shortness of breath).</items></term_definitions><term_definitions code="at0006"><items id="text">Class II</items><items id="description">Slight limitation of physical activity. Comfortable at rest. Ordinary physical activity results in fatigue, palpitation, dyspnea (shortness of breath).</items></term_definitions><term_definitions code="at0007"><items id="text">Class III</items><items id="description">Marked limitation of physical activity. Comfortable at rest. Less than ordinary activity causes fatigue, palpitation, or dyspnea.</items></term_definitions><term_definitions code="at0008"><items id="text">Class IIIa</items><items id="description">As per Class III; no dyspnoea at rest.</items></term_definitions><term_definitions code="at0009"><items id="text">Class IIIb</items><items id="description">As per Class III; recent dyspnoea at rest.</items></term_definitions><term_definitions code="at0010"><items id="text">Class IV</items><items id="description">Unable to carry on any physical activity without discomfort. Symptoms of heart failure at rest. If any physical activity is undertaken, discomfort increases.</items></term_definitions><term_definitions code="at0011"><items id="text">Objective assessment</items><items id="description">Assessment of heart failure based on evidence of cardiovascular disease and symptoms.</items></term_definitions><term_definitions code="at0012"><items id="text">Class A</items><items id="description">No objective evidence of cardiovascular disease. No symptoms and no limitation in ordinary physical activity.</items></term_definitions><term_definitions code="at0013"><items id="text">Class B</items><items id="description">Objective evidence of minimal cardiovascular disease. Mild symptoms and slight limitation during ordinary activity. Comfortable at rest.</items></term_definitions><term_definitions code="at0014"><items id="text">Class C</items><items id="description">Objective evidence of moderately severe cardiovascular disease. Marked limitation in activity due to symptoms, even during less-than-ordinary activity. Comfortable only at rest.</items></term_definitions><term_definitions code="at0015"><items id="text">Class D</items><items id="description">Objective evidence of severe cardiovascular disease. Severe limitations. Experiences symptoms even while at rest.</items></term_definitions><term_definitions code="at0016"><items id="text">Tree</items><items id="description">@ internal @</items></term_definitions><term_definitions code="at0017"><items id="text">Confounding factors</items><items id="description">Narrative description of any issues or factors that may impact on the assessment.</items></term_definitions><term_definitions code="at0018"><items id="text">Tree</items><items id="description">@ internal @</items></term_definitions><term_definitions code="at0019"><items id="text">Extension</items><items id="description">Additional information required to capture local context or to align with other reference models/formalisms.</items><items id="comment">For example: Local hospital departmental infomation or additional metadata to align with FHIR or CIMI equivalents.</items></term_definitions><term_definitions code="at0000"><items id="text">New York Heart Association functional classification</items><items id="description">A simple method of classifying the extent of heart failure, as defined by the New York Heart Association.</items></term_definitions></children><children xsi:type="C_ARCHETYPE_ROOT"><rm_type_name>OBSERVATION</rm_type_name><occurrences><lower_included>true</lower_included><upper_included>false</upper_included><lower_unbounded>false</lower_unbounded><upper_unbounded>true</upper_unbounded><lower>0</lower></occurrences><node_id>at0000</node_id><attributes xsi:type="C_SINGLE_ATTRIBUTE"><rm_attribute_name>data</rm_attribute_name><existence><lower_included>true</lower_included><upper_included>true</upper_included><lower_unbounded>false</lower_unbounded><upper_unbounded>false</upper_unbounded><lower>1</lower><upper>1</upper></existence><match_negated>false</match_negated><children xsi:type="C_COMPLEX_OBJECT"><rm_type_name>HISTORY</rm_type_name><occurrences><lower_included>true</lower_included><upper_included>true</upper_included><lower_unbounded>false</lower_unbounded><upper_unbounded>false</upper_unbounded><lower>1</lower><upper>1</upper></occurrences><node_id>at0001</node_id><attributes xsi:type="C_MULTIPLE_ATTRIBUTE"><rm_attribute_name>events</rm_attribute_name><existence><lower_included>true</lower_included><upper_included>true</upper_included><lower_unbounded>false</lower_unbounded><upper_unbounded>false</upper_unbounded><lower>0</lower><upper>1</upper></existence><match_negated>false</match_negated><children xsi:type="C_COMPLEX_OBJECT"><rm_type_name>EVENT</rm_type_name><occurrences><lower_included>true</lower_included><upper_included>true</upper_included><lower_unbounded>false</lower_unbounded><upper_unbounded>false</upper_unbounded><lower>1</lower><upper>1</upper></occurrences><node_id>at0002</node_id><attributes xsi:type="C_SINGLE_ATTRIBUTE"><rm_attribute_name>data</rm_attribute_name><existence><lower_included>true</lower_included><upper_included>true</upper_included><lower_unbounded>false</lower_unbounded><upper_unbounded>false</upper_unbounded><lower>1</lower><upper>1</upper></existence><match_negated>false</match_negated><children xsi:type="C_COMPLEX_OBJECT"><rm_type_name>ITEM_TREE</rm_type_name><occurrences><lower_included>true</lower_included><upper_included>true</upper_included><lower_unbounded>false</lower_unbounded><upper_unbounded>false</upper_unbounded><lower>1</lower><upper>1</upper></occurrences><node_id>at0003</node_id><attributes xsi:type="C_MULTIPLE_ATTRIBUTE"><rm_attribute_name>items</rm_attribute_name><existence><lower_included>true</lower_included><upper_included>true</upper_included><lower_unbounded>false</lower_unbounded><upper_unbounded>false</upper_unbounded><lower>0</lower><upper>1</upper></existence><match_negated>false</match_negated><children xsi:type="C_COMPLEX_OBJECT"><rm_type_name>ELEMENT</rm_type_name><occurrences><lower_included>true</lower_included><upper_included>true</upper_included><lower_unbounded>false</lower_unbounded><upper_unbounded>false</upper_unbounded><lower>0</lower><upper>1</upper></occurrences><node_id>at0006</node_id><attributes xsi:type="C_SINGLE_ATTRIBUTE"><rm_attribute_name>value</rm_attribute_name><existence><lower_included>true</lower_included><upper_included>true</upper_included><lower_unbounded>false</lower_unbounded><upper_unbounded>false</upper_unbounded><lower>0</lower><upper>1</upper></existence><match_negated>false</match_negated><children xsi:type="C_DV_ORDINAL"><rm_type_name>DV_ORDINAL</rm_type_name><occurrences><lower_included>true</lower_included><upper_included>true</upper_included><lower_unbounded>false</lower_unbounded><upper_unbounded>false</upper_unbounded><lower>1</lower><upper>1</upper></occurrences><list><value>1</value><symbol><defining_code><terminology_id><value>local</value></terminology_id><code_string>at0007</code_string></defining_code></symbol></list><list><value>2</value><symbol><defining_code><terminology_id><value>local</value></terminology_id><code_string>at0008</code_string></defining_code></symbol></list><list><value>3</value><symbol><defining_code><terminology_id><value>local</value></terminology_id><code_string>at0009</code_string></defining_code></symbol></list><list><value>4</value><symbol><defining_code><terminology_id><value>local</value></terminology_id><code_string>at0010</code_string></defining_code></symbol></list><list><value>5</value><symbol><defining_code><terminology_id><value>local</value></terminology_id><code_string>at0011</code_string></defining_code></symbol></list><list><value>6</value><symbol><defining_code><terminology_id><value>local</value></terminology_id><code_string>at0012</code_string></defining_code></symbol></list><list><value>7</value><symbol><defining_code><terminology_id><value>local</value></terminology_id><code_string>at0013</code_string></defining_code></symbol></list></children></attributes></children><cardinality><is_ordered>false</is_ordered><is_unique>false</is_unique><interval><lower_included>true</lower_included><upper_included>false</upper_included><lower_unbounded>false</lower_unbounded><upper_unbounded>true</upper_unbounded><lower>0</lower></interval></cardinality></attributes></children></attributes><attributes xsi:type="C_SINGLE_ATTRIBUTE"><rm_attribute_name>state</rm_attribute_name><existence><lower_included>true</lower_included><upper_included>true</upper_included><lower_unbounded>false</lower_unbounded><upper_unbounded>false</upper_unbounded><lower>0</lower><upper>1</upper></existence><match_negated>false</match_negated><children xsi:type="C_COMPLEX_OBJECT"><rm_type_name>ITEM_TREE</rm_type_name><occurrences><lower_included>true</lower_included><upper_included>true</upper_included><lower_unbounded>false</lower_unbounded><upper_unbounded>false</upper_unbounded><lower>1</lower><upper>1</upper></occurrences><node_id>at0014</node_id><attributes xsi:type="C_MULTIPLE_ATTRIBUTE"><rm_attribute_name>items</rm_attribute_name><existence><lower_included>true</lower_included><upper_included>true</upper_included><lower_unbounded>false</lower_unbounded><upper_unbounded>false</upper_unbounded><lower>0</lower><upper>1</upper></existence><match_negated>false</match_negated><children xsi:type="C_COMPLEX_OBJECT"><rm_type_name>ELEMENT</rm_type_name><occurrences><lower_included>true</lower_included><upper_included>true</upper_included><lower_unbounded>false</lower_unbounded><upper_unbounded>false</upper_unbounded><lower>0</lower><upper>1</upper></occurrences><node_id>at0015</node_id><attributes xsi:type="C_SINGLE_ATTRIBUTE"><rm_attribute_name>value</rm_attribute_name><existence><lower_included>true</lower_included><upper_included>true</upper_included><lower_unbounded>false</lower_unbounded><upper_unbounded>false</upper_unbounded><lower>0</lower><upper>1</upper></existence><match_negated>false</match_negated><children xsi:type="C_COMPLEX_OBJECT"><rm_type_name>DV_TEXT</rm_type_name><occurrences><lower_included>true</lower_included><upper_included>true</upper_included><lower_unbounded>false</lower_unbounded><upper_unbounded>false</upper_unbounded><lower>1</lower><upper>1</upper></occurrences></children></attributes></children><cardinality><is_ordered>false</is_ordered><is_unique>false</is_unique><interval><lower_included>true</lower_included><upper_included>false</upper_included><lower_unbounded>false</lower_unbounded><upper_unbounded>true</upper_unbounded><lower>0</lower></interval></cardinality></attributes></children></attributes></children><cardinality><is_ordered>false</is_ordered><is_unique>false</is_unique><interval><lower_included>true</lower_included><upper_included>false</upper_included><lower_unbounded>false</lower_unbounded><upper_unbounded>true</upper_unbounded><lower>0</lower></interval></cardinality></attributes></children></attributes><attributes xsi:type="C_SINGLE_ATTRIBUTE"><rm_attribute_name>protocol</rm_attribute_name><existence><lower_included>true</lower_included><upper_included>true</upper_included><lower_unbounded>false</lower_unbounded><upper_unbounded>false</upper_unbounded><lower>0</lower><upper>1</upper></existence><match_negated>false</match_negated><children xsi:type="C_COMPLEX_OBJECT"><rm_type_name>ITEM_TREE</rm_type_name><occurrences><lower_included>true</lower_included><upper_included>true</upper_included><lower_unbounded>false</lower_unbounded><upper_unbounded>false</upper_unbounded><lower>1</lower><upper>1</upper></occurrences><node_id>at0016</node_id><attributes xsi:type="C_MULTIPLE_ATTRIBUTE"><rm_attribute_name>items</rm_attribute_name><existence><lower_included>true</lower_included><upper_included>true</upper_included><lower_unbounded>false</lower_unbounded><upper_unbounded>false</upper_unbounded><lower>0</lower><upper>1</upper></existence><match_negated>false</match_negated><children xsi:type="ARCHETYPE_SLOT"><rm_type_name>CLUSTER</rm_type_name><occurrences><lower_included>true</lower_included><upper_included>false</upper_included><lower_unbounded>false</lower_unbounded><upper_unbounded>true</upper_unbounded><lower>0</lower></occurrences><node_id>at0018</node_id><includes><string_expression>archetype_id/value matches {/.*/}</string_expression><expression xsi:type="EXPR_BINARY_OPERATOR"><type>Boolean</type><operator>2007</operator><precedence_overridden>false</precedence_overridden><left_operand xsi:type="EXPR_LEAF"><type>String</type><item xsi:type="xs:string" xmlns:xs="http://www.w3.org/2001/XMLSchema">archetype_id/value</item><reference_type>ATTRIBUTE</reference_type></left_operand><right_operand xsi:type="EXPR_LEAF"><type>String</type><item xsi:type="C_STRING"><pattern>.*</pattern></item><reference_type>CONSTRAINT</reference_type></right_operand></expression></includes></children><cardinality><is_ordered>false</is_ordered><is_unique>false</is_unique><interval><lower_included>true</lower_included><upper_included>false</upper_included><lower_unbounded>false</lower_unbounded><upper_unbounded>true</upper_unbounded><lower>0</lower></interval></cardinality></attributes></children></attributes><archetype_id><value>openEHR-EHR-OBSERVATION.intermacs_profiles_heart_failure.v0</value></archetype_id><term_definitions code="at0001"><items id="text">History</items><items id="description">*</items></term_definitions><term_definitions code="at0002"><items id="text">Any Event</items><items id="description">Default, unspecified point in time or interval event which may be explicitly defined in a template or at run-time.</items></term_definitions><term_definitions code="at0003"><items id="text">ItemTree</items><items id="description">@ internal @</items></term_definitions><term_definitions code="at0006"><items id="text">Profiles classification</items><items id="description">The INTERMACS (Interagency Registry for Mechanically Assisted Circulatory Support) scale helps to assign patients with advanced heart failure (HF) into seven levels according to hemodynamic profile and level of target organ damage.</items></term_definitions><term_definitions code="at0007"><items id="text">Critical cardiogenic shock (INTERMACS 1)</items><items id="description">Patients with life threatening hypotension despite rapidly escalating inotropic support, critical organ hypoperfusion, often confirmed by worsening acidosis and/or lactate levels. “Crash and burn.”</items></term_definitions><term_definitions code="at0008"><items id="text">Progressive decline on inotropic support (INTERMACS 2)</items><items id="description">Patient with declining function despite intravenous inotropic support, may be manifest by worsening renal function, nutritional depletion, inability to restore volume balance “Sliding on inotropes.” Also describes declining status in patients unable to tolerate inotropic therapy.</items></term_definitions><term_definitions code="at0009"><items id="text">Stable but inotrope dependent (INTERMACS 3)</items><items id="description">Patient with stable blood pressure, organ function, nutrition, and symptoms on continuous intravenous inotropic support (or a temporary circulatory support device or both), but demonstrating repeated failure to wean from support due to recurrent symptomatic hypotension or renal dysfunction “Dependent stability.”</items></term_definitions><term_definitions code="at0010"><items id="text">Resting symptoms (INTERMACS 4)</items><items id="description">Patient can be stabilized close to normal volume status but experiences daily symptoms of congestion at rest or during ADL. Doses of diuretics generally fluctuate at very high levels. More intensive management and surveillance strategies should be considered, which may in some cases reveal poor compliance that would compromise outcomes with any therapy. Some patients may shuttles between 4 and 5.</items></term_definitions><term_definitions code="at0011"><items id="text">Exertion intolerant (INTERMACS 5)</items><items id="description">Comfortable at rest and with ADL but unable to engage in any other activity, living predominantly within the house. Patients are comfortable at rest without congestive symptoms, but may have underlying refractory elevated volume status, often with renal dysfunction. If underlying nutritional status and organ function are marginal, patient may be more at risk than INTERMACS 4, and require definitive intervention.</items></term_definitions><term_definitions code="at0012"><items id="text">Exertion limited (INTERMACS 6)</items><items id="description">Patient without evidence of fluid overload is comfortable at rest, and with activities of daily living and minor activities outside the home but fatigues after the first few minutes of any meaningful activity. Attribution to cardiac limitation requires careful measurement of peak oxygen consumption, in some cases with hemodynamic monitoring to confirm severity of cardiac impairment. “Walking wounded.”</items></term_definitions><term_definitions code="at0013"><items id="text">Advanced NYHA Class III symptoms (INTERMACS 7)</items><items id="description">A placeholder for more precise specification in future, this level includes patients who are without current or recent episodes of unstable fluid balance, living comfortable with meaningful activity limited to mild physical exertion.</items></term_definitions><term_definitions code="at0014"><items id="text">ItemTree</items><items id="description">@ internal @</items></term_definitions><term_definitions code="at0015"><items id="text">Confounding factors</items><items id="description">Narrative description of any issues or factors that may impact on the assessment.</items></term_definitions><term_definitions code="at0016"><items id="text">ItemTree</items><items id="description">@ internal @</items></term_definitions><term_definitions code="at0018"><items id="text">Extension</items><items id="description">Additional information required to capture local context or to align with other reference models/formalisms.</items><items id="comment">For example: Local hospital departmental infomation or additional metadata to align with FHIR or CIMI equivalents.</items></term_definitions><term_definitions code="at0000"><items id="text">Interagency Registry for Mechanically Assisted Circulatory Support</items><items id="description">INTERMACS (Interagency Registry for Mechanically Assisted Circulatory Support) scale helps to assign patients with advanced heart failure (HF) into seven levels according to hemodynamic profile and level of target organ damage.</items></term_definitions></children><cardinality><is_ordered>false</is_ordered><is_unique>false</is_unique><interval><lower_included>true</lower_included><upper_included>false</upper_included><lower_unbounded>false</lower_unbounded><upper_unbounded>true</upper_unbounded><lower>0</lower></interval></cardinality></attributes><archetype_id><value>openEHR-EHR-COMPOSITION.encounter.v1</value></archetype_id><template_id><value>Heart Failure Classification</value></template_id><term_definitions code="at0001"><items id="text">Tree</items><items id="description">@ internal @</items></term_definitions><term_definitions code="at0002"><items id="text">Extension</items><items id="description">Additional information required to capture local context or to align with other reference models/formalisms.</items><items id="comment">e.g. Local hospital departmental infomation or additional metadata to align with FHIR or CIMI equivalents.</items></term_definitions><term_definitions code="at0000"><items id="text">Heart Failure Classification</items><items id="description">Interaction, contact or care event between a subject of care and healthcare provider(s).</items></term_definitions></definition><ontology archetype_id="openEHR-EHR-COMPOSITION.encounter.v1"/><component_ontologies archetype_id="openEHR-EHR-CLUSTER.encounter_context.v0"/><component_ontologies archetype_id="openEHR-EHR-OBSERVATION.nyha_heart_failure.v1"/><component_ontologies archetype_id="openEHR-EHR-OBSERVATION.intermacs_profiles_heart_failure.v0"/></template>