{"name":"bodyTemperatureTimeline","category":"view","description":"Get body temperature data from specific period of time (pathfinder-lite)","metaData":null,"steps":[{"processorName":"jsonFtlAql","processorData":"select\r\na/uid/value as uid,\r\na_a/data[at0002]/events[at0003]/data[at0001]/items[at0004]/value/magnitude as temperature,\r\na_a/data[at0002]/events[at0003]/data[at0001]/items[at0004]/value/units as units,\r\na_a/data[at0002]/origin/value as time_submitted\r\nFROM EHR e\r\ncontains COMPOSITION a[openEHR-EHR-COMPOSITION.encounter.v1]\r\ncontains OBSERVATION a_a[openEHR-EHR-OBSERVATION.body_temperature.v2]\r\nwhere e/ehr_id/value = :ehrId\r\n<#if ctx.vars.from??>and a_a/data[at0002]/origin/value >= :from </#if>\r\n<#if ctx.vars.to??>and a_a/data[at0002]/origin/value <= :to </#if>\r\norder by time_submitted asc\r\noffset :offset fetch :limit"}]}