{"name":"getHfTxStatus","category":"view","description":"Get treatment status.","metaData":null,"steps":[{"processorName":"jsonAql","processorData":"select\r\n    a_a/data[at0001]/items[at0002]/value/value as txStatus,\r\n    a_a/data[at0001]/items[at0004]/value/value as Date_of_status_changed\r\nfrom EHR e[ehr_id/value = :ehrId]\r\ncontains COMPOSITION a[openEHR-EHR-COMPOSITION.encounter.v1]\r\ncontains ADMIN_ENTRY a_a[openEHR-EHR-ADMIN_ENTRY.patient_process_status.v0]\r\nWHERE e/ehr_id/value = :ehrId\r\norder by Date_of_status_changed desc\r\nlimit 1"}]}