<?xml version="1.0" encoding="UTF-8" standalone="yes"?><template xmlns="http://schemas.openehr.org/v1"><language><terminology_id><value>ISO_639-1</value></terminology_id><code_string>en</code_string></language><description><original_author id="date">2018-11-05</original_author><original_author id="name">Vanessa Pereira</original_author><original_author id="organisation">Marand d.o.o.</original_author><original_author id="email">vanessa.pereira@marand.si</original_author><lifecycle_state>unmanaged</lifecycle_state><other_details id="licence">This work is licensed under the Creative Commons Attribution-ShareAlike 3.0 License. To view a copy of this license, visit http://creativecommons.org/licenses/by-sa/3.0/.</other_details><other_details id="custodian_organisation">openEHR Foundation</other_details><other_details id="original_namespace">org.openehr</other_details><other_details id="original_publisher">openEHR Foundation</other_details><other_details id="custodian_namespace">org.openehr</other_details><other_details id="build_uid">35f77377-7cdf-3e59-9831-b5cc4031df70</other_details><details><language><terminology_id><value>ISO_639-1</value></terminology_id><code_string>en</code_string></language><purpose>Not Specified</purpose></details></description><uid><value>f9863916-6828-4f98-8730-d882de4f1b84</value></uid><template_id><value>Heart Failure Main Diagnosis</value></template_id><concept>Heart Failure Main Diagnosis</concept><definition><rm_type_name>COMPOSITION</rm_type_name><occurrences><lower_included>true</lower_included><upper_included>true</upper_included><lower_unbounded>false</lower_unbounded><upper_unbounded>false</upper_unbounded><lower>1</lower><upper>1</upper></occurrences><node_id>at0000</node_id><attributes xsi:type="C_SINGLE_ATTRIBUTE" xmlns:xsi="http://www.w3.org/2001/XMLSchema-instance"><rm_attribute_name>category</rm_attribute_name><existence><lower_included>true</lower_included><upper_included>true</upper_included><lower_unbounded>false</lower_unbounded><upper_unbounded>false</upper_unbounded><lower>1</lower><upper>1</upper></existence><match_negated>false</match_negated><children xsi:type="C_COMPLEX_OBJECT"><rm_type_name>DV_CODED_TEXT</rm_type_name><occurrences><lower_included>true</lower_included><upper_included>true</upper_included><lower_unbounded>false</lower_unbounded><upper_unbounded>false</upper_unbounded><lower>1</lower><upper>1</upper></occurrences><attributes xsi:type="C_SINGLE_ATTRIBUTE"><rm_attribute_name>defining_code</rm_attribute_name><existence><lower_included>true</lower_included><upper_included>true</upper_included><lower_unbounded>false</lower_unbounded><upper_unbounded>false</upper_unbounded><lower>1</lower><upper>1</upper></existence><match_negated>false</match_negated><children xsi:type="C_CODE_PHRASE"><rm_type_name>CODE_PHRASE</rm_type_name><occurrences><lower_included>true</lower_included><upper_included>true</upper_included><lower_unbounded>false</lower_unbounded><upper_unbounded>false</upper_unbounded><lower>1</lower><upper>1</upper></occurrences><terminology_id><value>openehr</value></terminology_id><code_list>433</code_list></children></attributes></children></attributes><attributes xsi:type="C_SINGLE_ATTRIBUTE" xmlns:xsi="http://www.w3.org/2001/XMLSchema-instance"><rm_attribute_name>context</rm_attribute_name><existence><lower_included>true</lower_included><upper_included>true</upper_included><lower_unbounded>false</lower_unbounded><upper_unbounded>false</upper_unbounded><lower>0</lower><upper>1</upper></existence><match_negated>false</match_negated><children xsi:type="C_COMPLEX_OBJECT"><rm_type_name>EVENT_CONTEXT</rm_type_name><occurrences><lower_included>true</lower_included><upper_included>true</upper_included><lower_unbounded>false</lower_unbounded><upper_unbounded>false</upper_unbounded><lower>1</lower><upper>1</upper></occurrences><attributes xsi:type="C_SINGLE_ATTRIBUTE"><rm_attribute_name>other_context</rm_attribute_name><existence><lower_included>true</lower_included><upper_included>true</upper_included><lower_unbounded>false</lower_unbounded><upper_unbounded>false</upper_unbounded><lower>0</lower><upper>1</upper></existence><match_negated>false</match_negated><children xsi:type="C_COMPLEX_OBJECT"><rm_type_name>ITEM_TREE</rm_type_name><occurrences><lower_included>true</lower_included><upper_included>true</upper_included><lower_unbounded>false</lower_unbounded><upper_unbounded>false</upper_unbounded><lower>1</lower><upper>1</upper></occurrences><node_id>at0001</node_id><attributes xsi:type="C_MULTIPLE_ATTRIBUTE"><rm_attribute_name>items</rm_attribute_name><existence><lower_included>true</lower_included><upper_included>true</upper_included><lower_unbounded>false</lower_unbounded><upper_unbounded>false</upper_unbounded><lower>0</lower><upper>1</upper></existence><match_negated>false</match_negated><children xsi:type="ARCHETYPE_SLOT"><rm_type_name>CLUSTER</rm_type_name><occurrences><lower_included>true</lower_included><upper_included>false</upper_included><lower_unbounded>false</lower_unbounded><upper_unbounded>true</upper_unbounded><lower>0</lower></occurrences><node_id>at0002</node_id><includes><string_expression>archetype_id/value matches {/.*/}</string_expression><expression xsi:type="EXPR_BINARY_OPERATOR"><type>Boolean</type><operator>2007</operator><precedence_overridden>false</precedence_overridden><left_operand xsi:type="EXPR_LEAF"><type>String</type><item xsi:type="xs:string" xmlns:xs="http://www.w3.org/2001/XMLSchema">archetype_id/value</item><reference_type>ATTRIBUTE</reference_type></left_operand><right_operand xsi:type="EXPR_LEAF"><type>String</type><item xsi:type="C_STRING"><pattern>.*</pattern></item><reference_type>CONSTRAINT</reference_type></right_operand></expression></includes></children><cardinality><is_ordered>false</is_ordered><is_unique>false</is_unique><interval><lower_included>true</lower_included><upper_included>false</upper_included><lower_unbounded>false</lower_unbounded><upper_unbounded>true</upper_unbounded><lower>0</lower></interval></cardinality></attributes></children></attributes></children></attributes><attributes xsi:type="C_MULTIPLE_ATTRIBUTE" xmlns:xsi="http://www.w3.org/2001/XMLSchema-instance"><rm_attribute_name>content</rm_attribute_name><existence><lower_included>true</lower_included><upper_included>true</upper_included><lower_unbounded>false</lower_unbounded><upper_unbounded>false</upper_unbounded><lower>0</lower><upper>1</upper></existence><match_negated>false</match_negated><children xsi:type="C_ARCHETYPE_ROOT"><rm_type_name>EVALUATION</rm_type_name><occurrences><lower_included>true</lower_included><upper_included>true</upper_included><lower_unbounded>false</lower_unbounded><upper_unbounded>false</upper_unbounded><lower>0</lower><upper>1</upper></occurrences><node_id>at0000</node_id><attributes xsi:type="C_SINGLE_ATTRIBUTE"><rm_attribute_name>data</rm_attribute_name><existence><lower_included>true</lower_included><upper_included>true</upper_included><lower_unbounded>false</lower_unbounded><upper_unbounded>false</upper_unbounded><lower>1</lower><upper>1</upper></existence><match_negated>false</match_negated><children xsi:type="C_COMPLEX_OBJECT"><rm_type_name>ITEM_TREE</rm_type_name><occurrences><lower_included>true</lower_included><upper_included>true</upper_included><lower_unbounded>false</lower_unbounded><upper_unbounded>false</upper_unbounded><lower>1</lower><upper>1</upper></occurrences><node_id>at0001</node_id><attributes xsi:type="C_MULTIPLE_ATTRIBUTE"><rm_attribute_name>items</rm_attribute_name><existence><lower_included>true</lower_included><upper_included>true</upper_included><lower_unbounded>false</lower_unbounded><upper_unbounded>false</upper_unbounded><lower>0</lower><upper>1</upper></existence><match_negated>false</match_negated><children xsi:type="C_COMPLEX_OBJECT"><rm_type_name>ELEMENT</rm_type_name><occurrences><lower_included>true</lower_included><upper_included>true</upper_included><lower_unbounded>false</lower_unbounded><upper_unbounded>false</upper_unbounded><lower>0</lower><upper>1</upper></occurrences><node_id>at0002</node_id><attributes xsi:type="C_SINGLE_ATTRIBUTE"><rm_attribute_name>value</rm_attribute_name><existence><lower_included>true</lower_included><upper_included>true</upper_included><lower_unbounded>false</lower_unbounded><upper_unbounded>false</upper_unbounded><lower>0</lower><upper>1</upper></existence><match_negated>false</match_negated><children xsi:type="C_COMPLEX_OBJECT"><rm_type_name>DV_CODED_TEXT</rm_type_name><occurrences><lower_included>true</lower_included><upper_included>true</upper_included><lower_unbounded>false</lower_unbounded><upper_unbounded>false</upper_unbounded><lower>1</lower><upper>1</upper></occurrences><attributes xsi:type="C_SINGLE_ATTRIBUTE"><rm_attribute_name>defining_code</rm_attribute_name><existence><lower_included>true</lower_included><upper_included>true</upper_included><lower_unbounded>false</lower_unbounded><upper_unbounded>false</upper_unbounded><lower>1</lower><upper>1</upper></existence><match_negated>false</match_negated><children xsi:type="C_CODE_PHRASE"><rm_type_name>CODE_PHRASE</rm_type_name><occurrences><lower_included>true</lower_included><upper_included>true</upper_included><lower_unbounded>false</lower_unbounded><upper_unbounded>false</upper_unbounded><lower>1</lower><upper>1</upper></occurrences><terminology_id><value>local</value></terminology_id><code_list>at0003</code_list><code_list>at0004</code_list><code_list>at0005</code_list><code_list>at0006</code_list></children></attributes></children></attributes></children><children xsi:type="C_COMPLEX_OBJECT"><rm_type_name>ELEMENT</rm_type_name><occurrences><lower_included>true</lower_included><upper_included>true</upper_included><lower_unbounded>false</lower_unbounded><upper_unbounded>false</upper_unbounded><lower>0</lower><upper>1</upper></occurrences><node_id>at0009</node_id><attributes xsi:type="C_SINGLE_ATTRIBUTE"><rm_attribute_name>value</rm_attribute_name><existence><lower_included>true</lower_included><upper_included>true</upper_included><lower_unbounded>false</lower_unbounded><upper_unbounded>false</upper_unbounded><lower>0</lower><upper>1</upper></existence><match_negated>false</match_negated><children xsi:type="C_COMPLEX_OBJECT"><rm_type_name>DV_DATE_TIME</rm_type_name><occurrences><lower_included>true</lower_included><upper_included>true</upper_included><lower_unbounded>false</lower_unbounded><upper_unbounded>false</upper_unbounded><lower>1</lower><upper>1</upper></occurrences></children></attributes></children><children xsi:type="C_COMPLEX_OBJECT"><rm_type_name>ELEMENT</rm_type_name><occurrences><lower_included>true</lower_included><upper_included>true</upper_included><lower_unbounded>false</lower_unbounded><upper_unbounded>false</upper_unbounded><lower>0</lower><upper>1</upper></occurrences><node_id>at0010</node_id><attributes xsi:type="C_SINGLE_ATTRIBUTE"><rm_attribute_name>value</rm_attribute_name><existence><lower_included>true</lower_included><upper_included>true</upper_included><lower_unbounded>false</lower_unbounded><upper_unbounded>false</upper_unbounded><lower>0</lower><upper>1</upper></existence><match_negated>false</match_negated><children xsi:type="C_COMPLEX_OBJECT"><rm_type_name>DV_DATE_TIME</rm_type_name><occurrences><lower_included>true</lower_included><upper_included>true</upper_included><lower_unbounded>false</lower_unbounded><upper_unbounded>false</upper_unbounded><lower>1</lower><upper>1</upper></occurrences></children></attributes></children><children xsi:type="C_COMPLEX_OBJECT"><rm_type_name>ELEMENT</rm_type_name><occurrences><lower_included>true</lower_included><upper_included>true</upper_included><lower_unbounded>false</lower_unbounded><upper_unbounded>false</upper_unbounded><lower>0</lower><upper>1</upper></occurrences><node_id>at0011</node_id><attributes xsi:type="C_SINGLE_ATTRIBUTE"><rm_attribute_name>value</rm_attribute_name><existence><lower_included>true</lower_included><upper_included>true</upper_included><lower_unbounded>false</lower_unbounded><upper_unbounded>false</upper_unbounded><lower>0</lower><upper>1</upper></existence><match_negated>false</match_negated><children xsi:type="C_COMPLEX_OBJECT"><rm_type_name>DV_TEXT</rm_type_name><occurrences><lower_included>true</lower_included><upper_included>true</upper_included><lower_unbounded>false</lower_unbounded><upper_unbounded>false</upper_unbounded><lower>1</lower><upper>1</upper></occurrences></children></attributes></children><cardinality><is_ordered>false</is_ordered><is_unique>false</is_unique><interval><lower_included>true</lower_included><upper_included>false</upper_included><lower_unbounded>false</lower_unbounded><upper_unbounded>true</upper_unbounded><lower>0</lower></interval></cardinality></attributes></children></attributes><attributes xsi:type="C_SINGLE_ATTRIBUTE"><rm_attribute_name>protocol</rm_attribute_name><existence><lower_included>true</lower_included><upper_included>true</upper_included><lower_unbounded>false</lower_unbounded><upper_unbounded>false</upper_unbounded><lower>0</lower><upper>1</upper></existence><match_negated>false</match_negated><children xsi:type="C_COMPLEX_OBJECT"><rm_type_name>ITEM_TREE</rm_type_name><occurrences><lower_included>true</lower_included><upper_included>true</upper_included><lower_unbounded>false</lower_unbounded><upper_unbounded>false</upper_unbounded><lower>1</lower><upper>1</upper></occurrences><node_id>at0007</node_id><attributes xsi:type="C_MULTIPLE_ATTRIBUTE"><rm_attribute_name>items</rm_attribute_name><existence><lower_included>true</lower_included><upper_included>true</upper_included><lower_unbounded>false</lower_unbounded><upper_unbounded>false</upper_unbounded><lower>0</lower><upper>1</upper></existence><match_negated>false</match_negated><children xsi:type="C_COMPLEX_OBJECT"><rm_type_name>ELEMENT</rm_type_name><occurrences><lower_included>true</lower_included><upper_included>true</upper_included><lower_unbounded>false</lower_unbounded><upper_unbounded>false</upper_unbounded><lower>0</lower><upper>1</upper></occurrences><node_id>at0012</node_id><attributes xsi:type="C_SINGLE_ATTRIBUTE"><rm_attribute_name>value</rm_attribute_name><existence><lower_included>true</lower_included><upper_included>true</upper_included><lower_unbounded>false</lower_unbounded><upper_unbounded>false</upper_unbounded><lower>0</lower><upper>1</upper></existence><match_negated>false</match_negated><children xsi:type="C_COMPLEX_OBJECT"><rm_type_name>DV_DATE_TIME</rm_type_name><occurrences><lower_included>true</lower_included><upper_included>true</upper_included><lower_unbounded>false</lower_unbounded><upper_unbounded>false</upper_unbounded><lower>1</lower><upper>1</upper></occurrences></children></attributes></children><children xsi:type="ARCHETYPE_SLOT"><rm_type_name>CLUSTER</rm_type_name><occurrences><lower_included>true</lower_included><upper_included>false</upper_included><lower_unbounded>false</lower_unbounded><upper_unbounded>true</upper_unbounded><lower>0</lower></occurrences><node_id>at0008</node_id><includes><string_expression>archetype_id/value matches {/.*/}</string_expression><expression xsi:type="EXPR_BINARY_OPERATOR"><type>Boolean</type><operator>2007</operator><precedence_overridden>false</precedence_overridden><left_operand xsi:type="EXPR_LEAF"><type>String</type><item xsi:type="xs:string" xmlns:xs="http://www.w3.org/2001/XMLSchema">archetype_id/value</item><reference_type>ATTRIBUTE</reference_type></left_operand><right_operand xsi:type="EXPR_LEAF"><type>String</type><item xsi:type="C_STRING"><pattern>.*</pattern></item><reference_type>CONSTRAINT</reference_type></right_operand></expression></includes></children><cardinality><is_ordered>false</is_ordered><is_unique>false</is_unique><interval><lower_included>true</lower_included><upper_included>false</upper_included><lower_unbounded>false</lower_unbounded><upper_unbounded>true</upper_unbounded><lower>0</lower></interval></cardinality></attributes></children></attributes><archetype_id><value>openEHR-EHR-EVALUATION.structural_heart_disorder.v0</value></archetype_id><term_definitions code="at0001"><items id="text">ItemTree</items><items id="description">@ internal @</items></term_definitions><term_definitions code="at0002"><items id="text">Heart disease</items><items id="description">Identification of heart disease, by name.</items></term_definitions><term_definitions code="at0003"><items id="text">Ischemic heart disease</items><items id="description">Ischaemic (or ischemic) heart disease is a disease characterized by reduced blood supply to the heart.</items></term_definitions><term_definitions code="at0004"><items id="text">Congestive heart failure due to valvular disease</items><items id="description">Characterized by damage to or a defect in one of the four heart valves: the mitral, aortic, tricuspid or pulmonary.</items></term_definitions><term_definitions code="at0005"><items id="text">Hypertensive heart disease with congestive heart failure</items><items id="description">Hypertensive heart disease with congestive heart failure</items></term_definitions><term_definitions code="at0006"><items id="text">Congenital cardiac failure</items><items id="description">Congenital cardiac failure</items></term_definitions><term_definitions code="at0007"><items id="text">ItemTree</items><items id="description">@ internal @</items></term_definitions><term_definitions code="at0008"><items id="text">Extension</items><items id="description">Additional information required to capture local content or to align with other reference models/formalisms.</items></term_definitions><term_definitions code="at0009"><items id="text">Date/Time of onset</items><items id="description">Estimated or actual date/time that signs or symptoms of the heart disease were first observed.</items></term_definitions><term_definitions code="at0010"><items id="text">Date/Time clinically recognized</items><items id="description">Estimated or actual date/time the heart disease was recognised by a healthcare professional.</items></term_definitions><term_definitions code="at0011"><items id="text">Comment</items><items id="description">Additional narrative about the heart disease not captured in other fields.</items></term_definitions><term_definitions code="at0012"><items id="text">Last updated</items><items id="description">The date this heart disease was last updated.</items></term_definitions><term_definitions code="at0000"><items id="text">Structural Heart Disorder</items><items id="description">Heart disorders classification</items></term_definitions><term_bindings terminology="SNOMED-CT"><items code="at0003"><value><terminology_id><value>SNOMED-CT</value></terminology_id><code_string>[SNOMED-CT(2018)::414545008]</code_string></value></items><items code="at0004"><value><terminology_id><value>SNOMED-CT</value></terminology_id><code_string>[SNOMED-CT(2018)::426611007]</code_string></value></items><items code="at0005"><value><terminology_id><value>SNOMED-CT</value></terminology_id><code_string>[SNOMED-CT(2018)::5148006]</code_string></value></items><items code="at0006"><value><terminology_id><value>SNOMED-CT</value></terminology_id><code_string>[SNOMED-CT(2018)::206586007]</code_string></value></items></term_bindings></children><children xsi:type="C_ARCHETYPE_ROOT"><rm_type_name>OBSERVATION</rm_type_name><occurrences><lower_included>true</lower_included><upper_included>false</upper_included><lower_unbounded>false</lower_unbounded><upper_unbounded>true</upper_unbounded><lower>0</lower></occurrences><node_id>at0000</node_id><attributes xsi:type="C_SINGLE_ATTRIBUTE"><rm_attribute_name>data</rm_attribute_name><existence><lower_included>true</lower_included><upper_included>true</upper_included><lower_unbounded>false</lower_unbounded><upper_unbounded>false</upper_unbounded><lower>1</lower><upper>1</upper></existence><match_negated>false</match_negated><children xsi:type="C_COMPLEX_OBJECT"><rm_type_name>HISTORY</rm_type_name><occurrences><lower_included>true</lower_included><upper_included>true</upper_included><lower_unbounded>false</lower_unbounded><upper_unbounded>false</upper_unbounded><lower>1</lower><upper>1</upper></occurrences><node_id>at0001</node_id><attributes xsi:type="C_MULTIPLE_ATTRIBUTE"><rm_attribute_name>events</rm_attribute_name><existence><lower_included>true</lower_included><upper_included>true</upper_included><lower_unbounded>false</lower_unbounded><upper_unbounded>false</upper_unbounded><lower>0</lower><upper>1</upper></existence><match_negated>false</match_negated><children xsi:type="C_COMPLEX_OBJECT"><rm_type_name>EVENT</rm_type_name><occurrences><lower_included>true</lower_included><upper_included>true</upper_included><lower_unbounded>false</lower_unbounded><upper_unbounded>false</upper_unbounded><lower>1</lower><upper>1</upper></occurrences><node_id>at0002</node_id><attributes xsi:type="C_SINGLE_ATTRIBUTE"><rm_attribute_name>data</rm_attribute_name><existence><lower_included>true</lower_included><upper_included>true</upper_included><lower_unbounded>false</lower_unbounded><upper_unbounded>false</upper_unbounded><lower>1</lower><upper>1</upper></existence><match_negated>false</match_negated><children xsi:type="C_COMPLEX_OBJECT"><rm_type_name>ITEM_TREE</rm_type_name><occurrences><lower_included>true</lower_included><upper_included>true</upper_included><lower_unbounded>false</lower_unbounded><upper_unbounded>false</upper_unbounded><lower>1</lower><upper>1</upper></occurrences><node_id>at0003</node_id><attributes xsi:type="C_MULTIPLE_ATTRIBUTE"><rm_attribute_name>items</rm_attribute_name><existence><lower_included>true</lower_included><upper_included>true</upper_included><lower_unbounded>false</lower_unbounded><upper_unbounded>false</upper_unbounded><lower>0</lower><upper>1</upper></existence><match_negated>false</match_negated><children xsi:type="C_COMPLEX_OBJECT"><rm_type_name>ELEMENT</rm_type_name><occurrences><lower_included>true</lower_included><upper_included>true</upper_included><lower_unbounded>false</lower_unbounded><upper_unbounded>false</upper_unbounded><lower>0</lower><upper>1</upper></occurrences><node_id>at0004</node_id><attributes xsi:type="C_SINGLE_ATTRIBUTE"><rm_attribute_name>value</rm_attribute_name><existence><lower_included>true</lower_included><upper_included>true</upper_included><lower_unbounded>false</lower_unbounded><upper_unbounded>false</upper_unbounded><lower>0</lower><upper>1</upper></existence><match_negated>false</match_negated><children xsi:type="C_COMPLEX_OBJECT"><rm_type_name>DV_CODED_TEXT</rm_type_name><occurrences><lower_included>true</lower_included><upper_included>true</upper_included><lower_unbounded>false</lower_unbounded><upper_unbounded>false</upper_unbounded><lower>1</lower><upper>1</upper></occurrences><attributes xsi:type="C_SINGLE_ATTRIBUTE"><rm_attribute_name>defining_code</rm_attribute_name><existence><lower_included>true</lower_included><upper_included>true</upper_included><lower_unbounded>false</lower_unbounded><upper_unbounded>false</upper_unbounded><lower>1</lower><upper>1</upper></existence><match_negated>false</match_negated><children xsi:type="C_CODE_PHRASE"><rm_type_name>CODE_PHRASE</rm_type_name><occurrences><lower_included>true</lower_included><upper_included>true</upper_included><lower_unbounded>false</lower_unbounded><upper_unbounded>false</upper_unbounded><lower>1</lower><upper>1</upper></occurrences><terminology_id><value>local</value></terminology_id><code_list>at0005</code_list><code_list>at0006</code_list></children></attributes></children></attributes></children><cardinality><is_ordered>false</is_ordered><is_unique>false</is_unique><interval><lower_included>true</lower_included><upper_included>false</upper_included><lower_unbounded>false</lower_unbounded><upper_unbounded>true</upper_unbounded><lower>0</lower></interval></cardinality></attributes></children></attributes><attributes xsi:type="C_SINGLE_ATTRIBUTE"><rm_attribute_name>state</rm_attribute_name><existence><lower_included>true</lower_included><upper_included>true</upper_included><lower_unbounded>false</lower_unbounded><upper_unbounded>false</upper_unbounded><lower>0</lower><upper>1</upper></existence><match_negated>false</match_negated><children xsi:type="C_COMPLEX_OBJECT"><rm_type_name>ITEM_TREE</rm_type_name><occurrences><lower_included>true</lower_included><upper_included>true</upper_included><lower_unbounded>false</lower_unbounded><upper_unbounded>false</upper_unbounded><lower>1</lower><upper>1</upper></occurrences><node_id>at0007</node_id><attributes xsi:type="C_MULTIPLE_ATTRIBUTE"><rm_attribute_name>items</rm_attribute_name><existence><lower_included>true</lower_included><upper_included>true</upper_included><lower_unbounded>false</lower_unbounded><upper_unbounded>false</upper_unbounded><lower>0</lower><upper>1</upper></existence><match_negated>false</match_negated><children xsi:type="C_COMPLEX_OBJECT"><rm_type_name>ELEMENT</rm_type_name><occurrences><lower_included>true</lower_included><upper_included>true</upper_included><lower_unbounded>false</lower_unbounded><upper_unbounded>false</upper_unbounded><lower>0</lower><upper>1</upper></occurrences><node_id>at0008</node_id><attributes xsi:type="C_SINGLE_ATTRIBUTE"><rm_attribute_name>value</rm_attribute_name><existence><lower_included>true</lower_included><upper_included>true</upper_included><lower_unbounded>false</lower_unbounded><upper_unbounded>false</upper_unbounded><lower>0</lower><upper>1</upper></existence><match_negated>false</match_negated><children xsi:type="C_COMPLEX_OBJECT"><rm_type_name>DV_TEXT</rm_type_name><occurrences><lower_included>true</lower_included><upper_included>true</upper_included><lower_unbounded>false</lower_unbounded><upper_unbounded>false</upper_unbounded><lower>1</lower><upper>1</upper></occurrences></children></attributes></children><cardinality><is_ordered>false</is_ordered><is_unique>false</is_unique><interval><lower_included>true</lower_included><upper_included>false</upper_included><lower_unbounded>false</lower_unbounded><upper_unbounded>true</upper_unbounded><lower>0</lower></interval></cardinality></attributes></children></attributes></children><cardinality><is_ordered>false</is_ordered><is_unique>false</is_unique><interval><lower_included>true</lower_included><upper_included>false</upper_included><lower_unbounded>false</lower_unbounded><upper_unbounded>true</upper_unbounded><lower>0</lower></interval></cardinality></attributes></children></attributes><attributes xsi:type="C_SINGLE_ATTRIBUTE"><rm_attribute_name>protocol</rm_attribute_name><existence><lower_included>true</lower_included><upper_included>true</upper_included><lower_unbounded>false</lower_unbounded><upper_unbounded>false</upper_unbounded><lower>0</lower><upper>1</upper></existence><match_negated>false</match_negated><children xsi:type="C_COMPLEX_OBJECT"><rm_type_name>ITEM_TREE</rm_type_name><occurrences><lower_included>true</lower_included><upper_included>true</upper_included><lower_unbounded>false</lower_unbounded><upper_unbounded>false</upper_unbounded><lower>1</lower><upper>1</upper></occurrences><node_id>at0009</node_id></children></attributes><archetype_id><value>openEHR-EHR-OBSERVATION.ejection_fraction_heart_failure.v0</value></archetype_id><term_definitions code="at0001"><items id="text">History</items><items id="description">*</items></term_definitions><term_definitions code="at0002"><items id="text">Any Event</items><items id="description">Default, unspecified point in time or interval event which may be explicitly defined in a template or at run-time.</items></term_definitions><term_definitions code="at0003"><items id="text">ItemTree</items><items id="description">@ internal @</items></term_definitions><term_definitions code="at0004"><items id="text">Classification</items><items id="description">*</items></term_definitions><term_definitions code="at0005"><items id="text">Heart Failure with reduced Ejection Fraction (HFrEF)</items><items id="description">Also referred to as systolic HF. Randomized controlled trials have mainly enrolled patients with HFrEF. Only in these patients that efficacious therapies have been demonstrated to date.</items></term_definitions><term_definitions code="at0006"><items id="text">Heart Failure with preserved Ejection Fraction (HFpEF)</items><items id="description">Also referred to as diastolic HF. Several different criteria have been used to further define HFpEF. To date, efficacious therapies have not been identified.</items></term_definitions><term_definitions code="at0007"><items id="text">ItemTree</items><items id="description">@ internal @</items></term_definitions><term_definitions code="at0008"><items id="text">Confounding factors</items><items id="description">Narrative description of any issues or factors that may impact on the assessment.</items></term_definitions><term_definitions code="at0009"><items id="text">ItemTree</items><items id="description">@ internal @</items></term_definitions><term_definitions code="at0000"><items id="text">Ejection Fraction Heart Failure</items><items id="description">The Ejection Fraction compares the amount of blood in the heart to the amount of blood pumped out. The fraction or percentage helps describe how well the heart is pumping blood to the body.</items></term_definitions><term_bindings terminology="SNOMED-CT"><items code="at0005"><value><terminology_id><value>SNOMED-CT</value></terminology_id><code_string>[SNOMED-CT(2018)::703272007]</code_string></value></items><items code="at0006"><value><terminology_id><value>SNOMED-CT</value></terminology_id><code_string>[SNOMED-CT(2018)::446221000]</code_string></value></items></term_bindings></children><cardinality><is_ordered>false</is_ordered><is_unique>false</is_unique><interval><lower_included>true</lower_included><upper_included>false</upper_included><lower_unbounded>false</lower_unbounded><upper_unbounded>true</upper_unbounded><lower>0</lower></interval></cardinality></attributes><archetype_id><value>openEHR-EHR-COMPOSITION.encounter.v1</value></archetype_id><template_id><value>Heart Failure Main Diagnosis</value></template_id><term_definitions code="at0001"><items id="text">Tree</items><items id="description">@ internal @</items></term_definitions><term_definitions code="at0002"><items id="text">Extension</items><items id="description">Additional information required to capture local context or to align with other reference models/formalisms.</items><items id="comment">e.g. Local hospital departmental infomation or additional metadata to align with FHIR or CIMI equivalents.</items></term_definitions><term_definitions code="at0000"><items id="text">Heart Failure Main Diagnosis</items><items id="description">Interaction, contact or care event between a subject of care and healthcare provider(s).</items></term_definitions></definition><ontology archetype_id="openEHR-EHR-COMPOSITION.encounter.v1"/><component_ontologies archetype_id="openEHR-EHR-EVALUATION.structural_heart_disorder.v0"/><component_ontologies archetype_id="openEHR-EHR-OBSERVATION.ejection_fraction_heart_failure.v0"/><view><constraints path="[openEHR-EHR-COMPOSITION.encounter.v1]/content[openEHR-EHR-OBSERVATION.ejection_fraction_heart_failure.v0]/protocol"><items id="VisibleInView"><value xsi:type="xs:string" xmlns:xs="http://www.w3.org/2001/XMLSchema" xmlns:xsi="http://www.w3.org/2001/XMLSchema-instance">protocol</value></items></constraints></view></template>