<?xml version="1.0" encoding="UTF-8" standalone="yes"?><template xmlns="http://schemas.openehr.org/v1"><language><terminology_id><value>ISO_639-1</value></terminology_id><code_string>en</code_string></language><description><original_author id="date">2018-10-22</original_author><lifecycle_state>unmanaged</lifecycle_state><other_details id="licence">This work is licensed under the Creative Commons Attribution-ShareAlike 3.0 License. To view a copy of this license, visit http://creativecommons.org/licenses/by-sa/3.0/.</other_details><other_details id="custodian_organisation">openEHR Foundation</other_details><other_details id="original_namespace">org.openehr</other_details><other_details id="original_publisher">openEHR Foundation</other_details><other_details id="custodian_namespace">org.openehr</other_details><other_details id="build_uid">35f77377-7cdf-3e59-9831-b5cc4031df70</other_details><details><language><terminology_id><value>ISO_639-1</value></terminology_id><code_string>en</code_string></language><purpose>Not Specified</purpose></details></description><uid><value>1e1d60d3-e660-49f5-a11f-f816bda409c1</value></uid><template_id><value>Patient Consent</value></template_id><concept>Patient Consent</concept><definition><rm_type_name>COMPOSITION</rm_type_name><occurrences><lower_included>true</lower_included><upper_included>true</upper_included><lower_unbounded>false</lower_unbounded><upper_unbounded>false</upper_unbounded><lower>1</lower><upper>1</upper></occurrences><node_id>at0000</node_id><attributes xsi:type="C_SINGLE_ATTRIBUTE" xmlns:xsi="http://www.w3.org/2001/XMLSchema-instance"><rm_attribute_name>category</rm_attribute_name><existence><lower_included>true</lower_included><upper_included>true</upper_included><lower_unbounded>false</lower_unbounded><upper_unbounded>false</upper_unbounded><lower>1</lower><upper>1</upper></existence><match_negated>false</match_negated><children xsi:type="C_COMPLEX_OBJECT"><rm_type_name>DV_CODED_TEXT</rm_type_name><occurrences><lower_included>true</lower_included><upper_included>true</upper_included><lower_unbounded>false</lower_unbounded><upper_unbounded>false</upper_unbounded><lower>1</lower><upper>1</upper></occurrences><attributes xsi:type="C_SINGLE_ATTRIBUTE"><rm_attribute_name>defining_code</rm_attribute_name><existence><lower_included>true</lower_included><upper_included>true</upper_included><lower_unbounded>false</lower_unbounded><upper_unbounded>false</upper_unbounded><lower>1</lower><upper>1</upper></existence><match_negated>false</match_negated><children xsi:type="C_CODE_PHRASE"><rm_type_name>CODE_PHRASE</rm_type_name><occurrences><lower_included>true</lower_included><upper_included>true</upper_included><lower_unbounded>false</lower_unbounded><upper_unbounded>false</upper_unbounded><lower>1</lower><upper>1</upper></occurrences><terminology_id><value>openehr</value></terminology_id><code_list>433</code_list></children></attributes></children></attributes><attributes xsi:type="C_SINGLE_ATTRIBUTE" xmlns:xsi="http://www.w3.org/2001/XMLSchema-instance"><rm_attribute_name>context</rm_attribute_name><existence><lower_included>true</lower_included><upper_included>true</upper_included><lower_unbounded>false</lower_unbounded><upper_unbounded>false</upper_unbounded><lower>0</lower><upper>1</upper></existence><match_negated>false</match_negated><children xsi:type="C_COMPLEX_OBJECT"><rm_type_name>EVENT_CONTEXT</rm_type_name><occurrences><lower_included>true</lower_included><upper_included>true</upper_included><lower_unbounded>false</lower_unbounded><upper_unbounded>false</upper_unbounded><lower>1</lower><upper>1</upper></occurrences><attributes xsi:type="C_SINGLE_ATTRIBUTE"><rm_attribute_name>other_context</rm_attribute_name><existence><lower_included>true</lower_included><upper_included>true</upper_included><lower_unbounded>false</lower_unbounded><upper_unbounded>false</upper_unbounded><lower>0</lower><upper>1</upper></existence><match_negated>false</match_negated><children xsi:type="C_COMPLEX_OBJECT"><rm_type_name>ITEM_TREE</rm_type_name><occurrences><lower_included>true</lower_included><upper_included>true</upper_included><lower_unbounded>false</lower_unbounded><upper_unbounded>false</upper_unbounded><lower>1</lower><upper>1</upper></occurrences><node_id>at0001</node_id><attributes xsi:type="C_MULTIPLE_ATTRIBUTE"><rm_attribute_name>items</rm_attribute_name><existence><lower_included>true</lower_included><upper_included>true</upper_included><lower_unbounded>false</lower_unbounded><upper_unbounded>false</upper_unbounded><lower>0</lower><upper>1</upper></existence><match_negated>false</match_negated><children xsi:type="C_ARCHETYPE_ROOT"><rm_type_name>CLUSTER</rm_type_name><occurrences><lower_included>true</lower_included><upper_included>false</upper_included><lower_unbounded>false</lower_unbounded><upper_unbounded>true</upper_unbounded><lower>0</lower></occurrences><node_id>at0000</node_id><attributes xsi:type="C_MULTIPLE_ATTRIBUTE"><rm_attribute_name>items</rm_attribute_name><existence><lower_included>true</lower_included><upper_included>true</upper_included><lower_unbounded>false</lower_unbounded><upper_unbounded>false</upper_unbounded><lower>1</lower><upper>1</upper></existence><match_negated>false</match_negated><children xsi:type="C_COMPLEX_OBJECT"><rm_type_name>ELEMENT</rm_type_name><occurrences><lower_included>true</lower_included><upper_included>true</upper_included><lower_unbounded>false</lower_unbounded><upper_unbounded>false</upper_unbounded><lower>0</lower><upper>1</upper></occurrences><node_id>at0001</node_id><attributes xsi:type="C_SINGLE_ATTRIBUTE"><rm_attribute_name>value</rm_attribute_name><existence><lower_included>true</lower_included><upper_included>true</upper_included><lower_unbounded>false</lower_unbounded><upper_unbounded>false</upper_unbounded><lower>0</lower><upper>1</upper></existence><match_negated>false</match_negated><children xsi:type="C_COMPLEX_OBJECT"><rm_type_name>DV_TEXT</rm_type_name><occurrences><lower_included>true</lower_included><upper_included>true</upper_included><lower_unbounded>false</lower_unbounded><upper_unbounded>false</upper_unbounded><lower>1</lower><upper>1</upper></occurrences></children></attributes></children><children xsi:type="C_COMPLEX_OBJECT"><rm_type_name>ELEMENT</rm_type_name><occurrences><lower_included>true</lower_included><upper_included>true</upper_included><lower_unbounded>false</lower_unbounded><upper_unbounded>false</upper_unbounded><lower>0</lower><upper>1</upper></occurrences><node_id>at0002</node_id><attributes xsi:type="C_SINGLE_ATTRIBUTE"><rm_attribute_name>value</rm_attribute_name><existence><lower_included>true</lower_included><upper_included>true</upper_included><lower_unbounded>false</lower_unbounded><upper_unbounded>false</upper_unbounded><lower>0</lower><upper>1</upper></existence><match_negated>false</match_negated><children xsi:type="C_COMPLEX_OBJECT"><rm_type_name>DV_TEXT</rm_type_name><occurrences><lower_included>true</lower_included><upper_included>true</upper_included><lower_unbounded>false</lower_unbounded><upper_unbounded>false</upper_unbounded><lower>1</lower><upper>1</upper></occurrences></children></attributes></children><children xsi:type="C_COMPLEX_OBJECT"><rm_type_name>ELEMENT</rm_type_name><occurrences><lower_included>true</lower_included><upper_included>true</upper_included><lower_unbounded>false</lower_unbounded><upper_unbounded>false</upper_unbounded><lower>0</lower><upper>1</upper></occurrences><node_id>at0003</node_id><attributes xsi:type="C_SINGLE_ATTRIBUTE"><rm_attribute_name>value</rm_attribute_name><existence><lower_included>true</lower_included><upper_included>true</upper_included><lower_unbounded>false</lower_unbounded><upper_unbounded>false</upper_unbounded><lower>0</lower><upper>1</upper></existence><match_negated>false</match_negated><children xsi:type="C_COMPLEX_OBJECT"><rm_type_name>DV_TEXT</rm_type_name><occurrences><lower_included>true</lower_included><upper_included>true</upper_included><lower_unbounded>false</lower_unbounded><upper_unbounded>false</upper_unbounded><lower>1</lower><upper>1</upper></occurrences></children></attributes></children><children xsi:type="C_COMPLEX_OBJECT"><rm_type_name>ELEMENT</rm_type_name><occurrences><lower_included>true</lower_included><upper_included>true</upper_included><lower_unbounded>false</lower_unbounded><upper_unbounded>false</upper_unbounded><lower>0</lower><upper>1</upper></occurrences><node_id>at0004</node_id><attributes xsi:type="C_SINGLE_ATTRIBUTE"><rm_attribute_name>value</rm_attribute_name><existence><lower_included>true</lower_included><upper_included>true</upper_included><lower_unbounded>false</lower_unbounded><upper_unbounded>false</upper_unbounded><lower>0</lower><upper>1</upper></existence><match_negated>false</match_negated><children xsi:type="C_COMPLEX_OBJECT"><rm_type_name>DV_TEXT</rm_type_name><occurrences><lower_included>true</lower_included><upper_included>true</upper_included><lower_unbounded>false</lower_unbounded><upper_unbounded>false</upper_unbounded><lower>1</lower><upper>1</upper></occurrences></children></attributes></children><cardinality><is_ordered>false</is_ordered><is_unique>false</is_unique><interval><lower_included>true</lower_included><upper_included>false</upper_included><lower_unbounded>false</lower_unbounded><upper_unbounded>true</upper_unbounded><lower>1</lower></interval></cardinality></attributes><archetype_id><value>openEHR-EHR-CLUSTER.encounter_context.v0</value></archetype_id><term_definitions code="at0001"><items id="text">Appointment id</items><items id="description">Unique identifier for each appointment process.</items></term_definitions><term_definitions code="at0002"><items id="text">Encounter id</items><items id="description">Unique identifier for each encounter process.</items></term_definitions><term_definitions code="at0003"><items id="text">Encounter type</items><items id="description">Type of encounter, should be provided by terminology server.</items></term_definitions><term_definitions code="at0004"><items id="text">Encounter reason</items><items id="description">Reason for encounter, should be provided by terminology server.</items></term_definitions><term_definitions code="at0000"><items id="text">Encounter Context</items><items id="description">Provides extra information about the encounter context, regarding the internal cases used at Pathfinder for encounter types and reasons, along with an appointment and encounter id. Terminology should be loaded from the Think!EHR terminology adapter.</items></term_definitions></children><cardinality><is_ordered>false</is_ordered><is_unique>false</is_unique><interval><lower_included>true</lower_included><upper_included>false</upper_included><lower_unbounded>false</lower_unbounded><upper_unbounded>true</upper_unbounded><lower>0</lower></interval></cardinality></attributes></children></attributes></children></attributes><attributes xsi:type="C_MULTIPLE_ATTRIBUTE" xmlns:xsi="http://www.w3.org/2001/XMLSchema-instance"><rm_attribute_name>content</rm_attribute_name><existence><lower_included>true</lower_included><upper_included>true</upper_included><lower_unbounded>false</lower_unbounded><upper_unbounded>false</upper_unbounded><lower>0</lower><upper>1</upper></existence><match_negated>false</match_negated><children xsi:type="C_ARCHETYPE_ROOT"><rm_type_name>ACTION</rm_type_name><occurrences><lower_included>true</lower_included><upper_included>false</upper_included><lower_unbounded>false</lower_unbounded><upper_unbounded>true</upper_unbounded><lower>0</lower></occurrences><node_id>at0000</node_id><attributes xsi:type="C_SINGLE_ATTRIBUTE"><rm_attribute_name>ism_transition</rm_attribute_name><existence><lower_included>true</lower_included><upper_included>true</upper_included><lower_unbounded>false</lower_unbounded><upper_unbounded>false</upper_unbounded><lower>1</lower><upper>1</upper></existence><match_negated>false</match_negated><children xsi:type="C_COMPLEX_OBJECT"><rm_type_name>ISM_TRANSITION</rm_type_name><occurrences><lower_included>true</lower_included><upper_included>true</upper_included><lower_unbounded>false</lower_unbounded><upper_unbounded>false</upper_unbounded><lower>1</lower><upper>1</upper></occurrences><node_id>at0013</node_id><attributes xsi:type="C_SINGLE_ATTRIBUTE"><rm_attribute_name>current_state</rm_attribute_name><existence><lower_included>true</lower_included><upper_included>true</upper_included><lower_unbounded>false</lower_unbounded><upper_unbounded>false</upper_unbounded><lower>1</lower><upper>1</upper></existence><match_negated>false</match_negated><children xsi:type="C_COMPLEX_OBJECT"><rm_type_name>DV_CODED_TEXT</rm_type_name><occurrences><lower_included>true</lower_included><upper_included>true</upper_included><lower_unbounded>false</lower_unbounded><upper_unbounded>false</upper_unbounded><lower>1</lower><upper>1</upper></occurrences><attributes xsi:type="C_SINGLE_ATTRIBUTE"><rm_attribute_name>defining_code</rm_attribute_name><existence><lower_included>true</lower_included><upper_included>true</upper_included><lower_unbounded>false</lower_unbounded><upper_unbounded>false</upper_unbounded><lower>1</lower><upper>1</upper></existence><match_negated>false</match_negated><children xsi:type="C_CODE_PHRASE"><rm_type_name>CODE_PHRASE</rm_type_name><occurrences><lower_included>true</lower_included><upper_included>true</upper_included><lower_unbounded>false</lower_unbounded><upper_unbounded>false</upper_unbounded><lower>1</lower><upper>1</upper></occurrences><terminology_id><value>openehr</value></terminology_id><code_list>526</code_list></children></attributes></children></attributes><attributes xsi:type="C_SINGLE_ATTRIBUTE"><rm_attribute_name>careflow_step</rm_attribute_name><existence><lower_included>true</lower_included><upper_included>true</upper_included><lower_unbounded>false</lower_unbounded><upper_unbounded>false</upper_unbounded><lower>0</lower><upper>1</upper></existence><match_negated>false</match_negated><children xsi:type="C_COMPLEX_OBJECT"><rm_type_name>DV_CODED_TEXT</rm_type_name><occurrences><lower_included>true</lower_included><upper_included>true</upper_included><lower_unbounded>false</lower_unbounded><upper_unbounded>false</upper_unbounded><lower>1</lower><upper>1</upper></occurrences><attributes xsi:type="C_SINGLE_ATTRIBUTE"><rm_attribute_name>defining_code</rm_attribute_name><existence><lower_included>true</lower_included><upper_included>true</upper_included><lower_unbounded>false</lower_unbounded><upper_unbounded>false</upper_unbounded><lower>1</lower><upper>1</upper></existence><match_negated>false</match_negated><children xsi:type="C_CODE_PHRASE"><rm_type_name>CODE_PHRASE</rm_type_name><occurrences><lower_included>true</lower_included><upper_included>true</upper_included><lower_unbounded>false</lower_unbounded><upper_unbounded>false</upper_unbounded><lower>1</lower><upper>1</upper></occurrences><terminology_id><value>local</value></terminology_id><code_list>at0013</code_list></children></attributes></children></attributes></children><children xsi:type="C_COMPLEX_OBJECT"><rm_type_name>ISM_TRANSITION</rm_type_name><occurrences><lower_included>true</lower_included><upper_included>true</upper_included><lower_unbounded>false</lower_unbounded><upper_unbounded>false</upper_unbounded><lower>1</lower><upper>1</upper></occurrences><node_id>at0019</node_id><attributes xsi:type="C_SINGLE_ATTRIBUTE"><rm_attribute_name>current_state</rm_attribute_name><existence><lower_included>true</lower_included><upper_included>true</upper_included><lower_unbounded>false</lower_unbounded><upper_unbounded>false</upper_unbounded><lower>1</lower><upper>1</upper></existence><match_negated>false</match_negated><children xsi:type="C_COMPLEX_OBJECT"><rm_type_name>DV_CODED_TEXT</rm_type_name><occurrences><lower_included>true</lower_included><upper_included>true</upper_included><lower_unbounded>false</lower_unbounded><upper_unbounded>false</upper_unbounded><lower>1</lower><upper>1</upper></occurrences><attributes xsi:type="C_SINGLE_ATTRIBUTE"><rm_attribute_name>defining_code</rm_attribute_name><existence><lower_included>true</lower_included><upper_included>true</upper_included><lower_unbounded>false</lower_unbounded><upper_unbounded>false</upper_unbounded><lower>1</lower><upper>1</upper></existence><match_negated>false</match_negated><children xsi:type="C_CODE_PHRASE"><rm_type_name>CODE_PHRASE</rm_type_name><occurrences><lower_included>true</lower_included><upper_included>true</upper_included><lower_unbounded>false</lower_unbounded><upper_unbounded>false</upper_unbounded><lower>1</lower><upper>1</upper></occurrences><terminology_id><value>openehr</value></terminology_id><code_list>527</code_list></children></attributes></children></attributes><attributes xsi:type="C_SINGLE_ATTRIBUTE"><rm_attribute_name>careflow_step</rm_attribute_name><existence><lower_included>true</lower_included><upper_included>true</upper_included><lower_unbounded>false</lower_unbounded><upper_unbounded>false</upper_unbounded><lower>0</lower><upper>1</upper></existence><match_negated>false</match_negated><children xsi:type="C_COMPLEX_OBJECT"><rm_type_name>DV_CODED_TEXT</rm_type_name><occurrences><lower_included>true</lower_included><upper_included>true</upper_included><lower_unbounded>false</lower_unbounded><upper_unbounded>false</upper_unbounded><lower>1</lower><upper>1</upper></occurrences><attributes xsi:type="C_SINGLE_ATTRIBUTE"><rm_attribute_name>defining_code</rm_attribute_name><existence><lower_included>true</lower_included><upper_included>true</upper_included><lower_unbounded>false</lower_unbounded><upper_unbounded>false</upper_unbounded><lower>1</lower><upper>1</upper></existence><match_negated>false</match_negated><children xsi:type="C_CODE_PHRASE"><rm_type_name>CODE_PHRASE</rm_type_name><occurrences><lower_included>true</lower_included><upper_included>true</upper_included><lower_unbounded>false</lower_unbounded><upper_unbounded>false</upper_unbounded><lower>1</lower><upper>1</upper></occurrences><terminology_id><value>local</value></terminology_id><code_list>at0019</code_list></children></attributes></children></attributes></children><children xsi:type="C_COMPLEX_OBJECT"><rm_type_name>ISM_TRANSITION</rm_type_name><occurrences><lower_included>true</lower_included><upper_included>true</upper_included><lower_unbounded>false</lower_unbounded><upper_unbounded>false</upper_unbounded><lower>1</lower><upper>1</upper></occurrences><node_id>at0018</node_id><attributes xsi:type="C_SINGLE_ATTRIBUTE"><rm_attribute_name>current_state</rm_attribute_name><existence><lower_included>true</lower_included><upper_included>true</upper_included><lower_unbounded>false</lower_unbounded><upper_unbounded>false</upper_unbounded><lower>1</lower><upper>1</upper></existence><match_negated>false</match_negated><children xsi:type="C_COMPLEX_OBJECT"><rm_type_name>DV_CODED_TEXT</rm_type_name><occurrences><lower_included>true</lower_included><upper_included>true</upper_included><lower_unbounded>false</lower_unbounded><upper_unbounded>false</upper_unbounded><lower>1</lower><upper>1</upper></occurrences><attributes xsi:type="C_SINGLE_ATTRIBUTE"><rm_attribute_name>defining_code</rm_attribute_name><existence><lower_included>true</lower_included><upper_included>true</upper_included><lower_unbounded>false</lower_unbounded><upper_unbounded>false</upper_unbounded><lower>1</lower><upper>1</upper></existence><match_negated>false</match_negated><children xsi:type="C_CODE_PHRASE"><rm_type_name>CODE_PHRASE</rm_type_name><occurrences><lower_included>true</lower_included><upper_included>true</upper_included><lower_unbounded>false</lower_unbounded><upper_unbounded>false</upper_unbounded><lower>1</lower><upper>1</upper></occurrences><terminology_id><value>openehr</value></terminology_id><code_list>528</code_list></children></attributes></children></attributes><attributes xsi:type="C_SINGLE_ATTRIBUTE"><rm_attribute_name>careflow_step</rm_attribute_name><existence><lower_included>true</lower_included><upper_included>true</upper_included><lower_unbounded>false</lower_unbounded><upper_unbounded>false</upper_unbounded><lower>0</lower><upper>1</upper></existence><match_negated>false</match_negated><children xsi:type="C_COMPLEX_OBJECT"><rm_type_name>DV_CODED_TEXT</rm_type_name><occurrences><lower_included>true</lower_included><upper_included>true</upper_included><lower_unbounded>false</lower_unbounded><upper_unbounded>false</upper_unbounded><lower>1</lower><upper>1</upper></occurrences><attributes xsi:type="C_SINGLE_ATTRIBUTE"><rm_attribute_name>defining_code</rm_attribute_name><existence><lower_included>true</lower_included><upper_included>true</upper_included><lower_unbounded>false</lower_unbounded><upper_unbounded>false</upper_unbounded><lower>1</lower><upper>1</upper></existence><match_negated>false</match_negated><children xsi:type="C_CODE_PHRASE"><rm_type_name>CODE_PHRASE</rm_type_name><occurrences><lower_included>true</lower_included><upper_included>true</upper_included><lower_unbounded>false</lower_unbounded><upper_unbounded>false</upper_unbounded><lower>1</lower><upper>1</upper></occurrences><terminology_id><value>local</value></terminology_id><code_list>at0018</code_list></children></attributes></children></attributes></children><children xsi:type="C_COMPLEX_OBJECT"><rm_type_name>ISM_TRANSITION</rm_type_name><occurrences><lower_included>true</lower_included><upper_included>true</upper_included><lower_unbounded>false</lower_unbounded><upper_unbounded>false</upper_unbounded><lower>1</lower><upper>1</upper></occurrences><node_id>at0027</node_id><attributes xsi:type="C_SINGLE_ATTRIBUTE"><rm_attribute_name>current_state</rm_attribute_name><existence><lower_included>true</lower_included><upper_included>true</upper_included><lower_unbounded>false</lower_unbounded><upper_unbounded>false</upper_unbounded><lower>1</lower><upper>1</upper></existence><match_negated>false</match_negated><children xsi:type="C_COMPLEX_OBJECT"><rm_type_name>DV_CODED_TEXT</rm_type_name><occurrences><lower_included>true</lower_included><upper_included>true</upper_included><lower_unbounded>false</lower_unbounded><upper_unbounded>false</upper_unbounded><lower>1</lower><upper>1</upper></occurrences><attributes xsi:type="C_SINGLE_ATTRIBUTE"><rm_attribute_name>defining_code</rm_attribute_name><existence><lower_included>true</lower_included><upper_included>true</upper_included><lower_unbounded>false</lower_unbounded><upper_unbounded>false</upper_unbounded><lower>1</lower><upper>1</upper></existence><match_negated>false</match_negated><children xsi:type="C_CODE_PHRASE"><rm_type_name>CODE_PHRASE</rm_type_name><occurrences><lower_included>true</lower_included><upper_included>true</upper_included><lower_unbounded>false</lower_unbounded><upper_unbounded>false</upper_unbounded><lower>1</lower><upper>1</upper></occurrences><terminology_id><value>openehr</value></terminology_id><code_list>529</code_list></children></attributes></children></attributes><attributes xsi:type="C_SINGLE_ATTRIBUTE"><rm_attribute_name>careflow_step</rm_attribute_name><existence><lower_included>true</lower_included><upper_included>true</upper_included><lower_unbounded>false</lower_unbounded><upper_unbounded>false</upper_unbounded><lower>0</lower><upper>1</upper></existence><match_negated>false</match_negated><children xsi:type="C_COMPLEX_OBJECT"><rm_type_name>DV_CODED_TEXT</rm_type_name><occurrences><lower_included>true</lower_included><upper_included>true</upper_included><lower_unbounded>false</lower_unbounded><upper_unbounded>false</upper_unbounded><lower>1</lower><upper>1</upper></occurrences><attributes xsi:type="C_SINGLE_ATTRIBUTE"><rm_attribute_name>defining_code</rm_attribute_name><existence><lower_included>true</lower_included><upper_included>true</upper_included><lower_unbounded>false</lower_unbounded><upper_unbounded>false</upper_unbounded><lower>1</lower><upper>1</upper></existence><match_negated>false</match_negated><children xsi:type="C_CODE_PHRASE"><rm_type_name>CODE_PHRASE</rm_type_name><occurrences><lower_included>true</lower_included><upper_included>true</upper_included><lower_unbounded>false</lower_unbounded><upper_unbounded>false</upper_unbounded><lower>1</lower><upper>1</upper></occurrences><terminology_id><value>local</value></terminology_id><code_list>at0027</code_list></children></attributes></children></attributes></children><children xsi:type="C_COMPLEX_OBJECT"><rm_type_name>ISM_TRANSITION</rm_type_name><occurrences><lower_included>true</lower_included><upper_included>true</upper_included><lower_unbounded>false</lower_unbounded><upper_unbounded>false</upper_unbounded><lower>1</lower><upper>1</upper></occurrences><node_id>at0014</node_id><attributes xsi:type="C_SINGLE_ATTRIBUTE"><rm_attribute_name>current_state</rm_attribute_name><existence><lower_included>true</lower_included><upper_included>true</upper_included><lower_unbounded>false</lower_unbounded><upper_unbounded>false</upper_unbounded><lower>1</lower><upper>1</upper></existence><match_negated>false</match_negated><children xsi:type="C_COMPLEX_OBJECT"><rm_type_name>DV_CODED_TEXT</rm_type_name><occurrences><lower_included>true</lower_included><upper_included>true</upper_included><lower_unbounded>false</lower_unbounded><upper_unbounded>false</upper_unbounded><lower>1</lower><upper>1</upper></occurrences><attributes xsi:type="C_SINGLE_ATTRIBUTE"><rm_attribute_name>defining_code</rm_attribute_name><existence><lower_included>true</lower_included><upper_included>true</upper_included><lower_unbounded>false</lower_unbounded><upper_unbounded>false</upper_unbounded><lower>1</lower><upper>1</upper></existence><match_negated>false</match_negated><children xsi:type="C_CODE_PHRASE"><rm_type_name>CODE_PHRASE</rm_type_name><occurrences><lower_included>true</lower_included><upper_included>true</upper_included><lower_unbounded>false</lower_unbounded><upper_unbounded>false</upper_unbounded><lower>1</lower><upper>1</upper></occurrences><terminology_id><value>openehr</value></terminology_id><code_list>245</code_list><code_list>526</code_list></children></attributes></children></attributes><attributes xsi:type="C_SINGLE_ATTRIBUTE"><rm_attribute_name>careflow_step</rm_attribute_name><existence><lower_included>true</lower_included><upper_included>true</upper_included><lower_unbounded>false</lower_unbounded><upper_unbounded>false</upper_unbounded><lower>0</lower><upper>1</upper></existence><match_negated>false</match_negated><children xsi:type="C_COMPLEX_OBJECT"><rm_type_name>DV_CODED_TEXT</rm_type_name><occurrences><lower_included>true</lower_included><upper_included>true</upper_included><lower_unbounded>false</lower_unbounded><upper_unbounded>false</upper_unbounded><lower>1</lower><upper>1</upper></occurrences><attributes xsi:type="C_SINGLE_ATTRIBUTE"><rm_attribute_name>defining_code</rm_attribute_name><existence><lower_included>true</lower_included><upper_included>true</upper_included><lower_unbounded>false</lower_unbounded><upper_unbounded>false</upper_unbounded><lower>1</lower><upper>1</upper></existence><match_negated>false</match_negated><children xsi:type="C_CODE_PHRASE"><rm_type_name>CODE_PHRASE</rm_type_name><occurrences><lower_included>true</lower_included><upper_included>true</upper_included><lower_unbounded>false</lower_unbounded><upper_unbounded>false</upper_unbounded><lower>1</lower><upper>1</upper></occurrences><terminology_id><value>local</value></terminology_id><code_list>at0014</code_list></children></attributes></children></attributes></children><children xsi:type="C_COMPLEX_OBJECT"><rm_type_name>ISM_TRANSITION</rm_type_name><occurrences><lower_included>true</lower_included><upper_included>true</upper_included><lower_unbounded>false</lower_unbounded><upper_unbounded>false</upper_unbounded><lower>1</lower><upper>1</upper></occurrences><node_id>at0015</node_id><attributes xsi:type="C_SINGLE_ATTRIBUTE"><rm_attribute_name>current_state</rm_attribute_name><existence><lower_included>true</lower_included><upper_included>true</upper_included><lower_unbounded>false</lower_unbounded><upper_unbounded>false</upper_unbounded><lower>1</lower><upper>1</upper></existence><match_negated>false</match_negated><children xsi:type="C_COMPLEX_OBJECT"><rm_type_name>DV_CODED_TEXT</rm_type_name><occurrences><lower_included>true</lower_included><upper_included>true</upper_included><lower_unbounded>false</lower_unbounded><upper_unbounded>false</upper_unbounded><lower>1</lower><upper>1</upper></occurrences><attributes xsi:type="C_SINGLE_ATTRIBUTE"><rm_attribute_name>defining_code</rm_attribute_name><existence><lower_included>true</lower_included><upper_included>true</upper_included><lower_unbounded>false</lower_unbounded><upper_unbounded>false</upper_unbounded><lower>1</lower><upper>1</upper></existence><match_negated>false</match_negated><children xsi:type="C_CODE_PHRASE"><rm_type_name>CODE_PHRASE</rm_type_name><occurrences><lower_included>true</lower_included><upper_included>true</upper_included><lower_unbounded>false</lower_unbounded><upper_unbounded>false</upper_unbounded><lower>1</lower><upper>1</upper></occurrences><terminology_id><value>openehr</value></terminology_id><code_list>245</code_list></children></attributes></children></attributes><attributes xsi:type="C_SINGLE_ATTRIBUTE"><rm_attribute_name>careflow_step</rm_attribute_name><existence><lower_included>true</lower_included><upper_included>true</upper_included><lower_unbounded>false</lower_unbounded><upper_unbounded>false</upper_unbounded><lower>0</lower><upper>1</upper></existence><match_negated>false</match_negated><children xsi:type="C_COMPLEX_OBJECT"><rm_type_name>DV_CODED_TEXT</rm_type_name><occurrences><lower_included>true</lower_included><upper_included>true</upper_included><lower_unbounded>false</lower_unbounded><upper_unbounded>false</upper_unbounded><lower>1</lower><upper>1</upper></occurrences><attributes xsi:type="C_SINGLE_ATTRIBUTE"><rm_attribute_name>defining_code</rm_attribute_name><existence><lower_included>true</lower_included><upper_included>true</upper_included><lower_unbounded>false</lower_unbounded><upper_unbounded>false</upper_unbounded><lower>1</lower><upper>1</upper></existence><match_negated>false</match_negated><children xsi:type="C_CODE_PHRASE"><rm_type_name>CODE_PHRASE</rm_type_name><occurrences><lower_included>true</lower_included><upper_included>true</upper_included><lower_unbounded>false</lower_unbounded><upper_unbounded>false</upper_unbounded><lower>1</lower><upper>1</upper></occurrences><terminology_id><value>local</value></terminology_id><code_list>at0015</code_list></children></attributes></children></attributes></children><children xsi:type="C_COMPLEX_OBJECT"><rm_type_name>ISM_TRANSITION</rm_type_name><occurrences><lower_included>true</lower_included><upper_included>true</upper_included><lower_unbounded>false</lower_unbounded><upper_unbounded>false</upper_unbounded><lower>1</lower><upper>1</upper></occurrences><node_id>at0021</node_id><attributes xsi:type="C_SINGLE_ATTRIBUTE"><rm_attribute_name>current_state</rm_attribute_name><existence><lower_included>true</lower_included><upper_included>true</upper_included><lower_unbounded>false</lower_unbounded><upper_unbounded>false</upper_unbounded><lower>1</lower><upper>1</upper></existence><match_negated>false</match_negated><children xsi:type="C_COMPLEX_OBJECT"><rm_type_name>DV_CODED_TEXT</rm_type_name><occurrences><lower_included>true</lower_included><upper_included>true</upper_included><lower_unbounded>false</lower_unbounded><upper_unbounded>false</upper_unbounded><lower>1</lower><upper>1</upper></occurrences><attributes xsi:type="C_SINGLE_ATTRIBUTE"><rm_attribute_name>defining_code</rm_attribute_name><existence><lower_included>true</lower_included><upper_included>true</upper_included><lower_unbounded>false</lower_unbounded><upper_unbounded>false</upper_unbounded><lower>1</lower><upper>1</upper></existence><match_negated>false</match_negated><children xsi:type="C_CODE_PHRASE"><rm_type_name>CODE_PHRASE</rm_type_name><occurrences><lower_included>true</lower_included><upper_included>true</upper_included><lower_unbounded>false</lower_unbounded><upper_unbounded>false</upper_unbounded><lower>1</lower><upper>1</upper></occurrences><terminology_id><value>openehr</value></terminology_id><code_list>245</code_list></children></attributes></children></attributes><attributes xsi:type="C_SINGLE_ATTRIBUTE"><rm_attribute_name>careflow_step</rm_attribute_name><existence><lower_included>true</lower_included><upper_included>true</upper_included><lower_unbounded>false</lower_unbounded><upper_unbounded>false</upper_unbounded><lower>0</lower><upper>1</upper></existence><match_negated>false</match_negated><children xsi:type="C_COMPLEX_OBJECT"><rm_type_name>DV_CODED_TEXT</rm_type_name><occurrences><lower_included>true</lower_included><upper_included>true</upper_included><lower_unbounded>false</lower_unbounded><upper_unbounded>false</upper_unbounded><lower>1</lower><upper>1</upper></occurrences><attributes xsi:type="C_SINGLE_ATTRIBUTE"><rm_attribute_name>defining_code</rm_attribute_name><existence><lower_included>true</lower_included><upper_included>true</upper_included><lower_unbounded>false</lower_unbounded><upper_unbounded>false</upper_unbounded><lower>1</lower><upper>1</upper></existence><match_negated>false</match_negated><children xsi:type="C_CODE_PHRASE"><rm_type_name>CODE_PHRASE</rm_type_name><occurrences><lower_included>true</lower_included><upper_included>true</upper_included><lower_unbounded>false</lower_unbounded><upper_unbounded>false</upper_unbounded><lower>1</lower><upper>1</upper></occurrences><terminology_id><value>local</value></terminology_id><code_list>at0021</code_list></children></attributes></children></attributes></children><children xsi:type="C_COMPLEX_OBJECT"><rm_type_name>ISM_TRANSITION</rm_type_name><occurrences><lower_included>true</lower_included><upper_included>true</upper_included><lower_unbounded>false</lower_unbounded><upper_unbounded>false</upper_unbounded><lower>1</lower><upper>1</upper></occurrences><node_id>at0016</node_id><attributes xsi:type="C_SINGLE_ATTRIBUTE"><rm_attribute_name>current_state</rm_attribute_name><existence><lower_included>true</lower_included><upper_included>true</upper_included><lower_unbounded>false</lower_unbounded><upper_unbounded>false</upper_unbounded><lower>1</lower><upper>1</upper></existence><match_negated>false</match_negated><children xsi:type="C_COMPLEX_OBJECT"><rm_type_name>DV_CODED_TEXT</rm_type_name><occurrences><lower_included>true</lower_included><upper_included>true</upper_included><lower_unbounded>false</lower_unbounded><upper_unbounded>false</upper_unbounded><lower>1</lower><upper>1</upper></occurrences><attributes xsi:type="C_SINGLE_ATTRIBUTE"><rm_attribute_name>defining_code</rm_attribute_name><existence><lower_included>true</lower_included><upper_included>true</upper_included><lower_unbounded>false</lower_unbounded><upper_unbounded>false</upper_unbounded><lower>1</lower><upper>1</upper></existence><match_negated>false</match_negated><children xsi:type="C_CODE_PHRASE"><rm_type_name>CODE_PHRASE</rm_type_name><occurrences><lower_included>true</lower_included><upper_included>true</upper_included><lower_unbounded>false</lower_unbounded><upper_unbounded>false</upper_unbounded><lower>1</lower><upper>1</upper></occurrences><terminology_id><value>openehr</value></terminology_id><code_list>531</code_list></children></attributes></children></attributes><attributes xsi:type="C_SINGLE_ATTRIBUTE"><rm_attribute_name>careflow_step</rm_attribute_name><existence><lower_included>true</lower_included><upper_included>true</upper_included><lower_unbounded>false</lower_unbounded><upper_unbounded>false</upper_unbounded><lower>0</lower><upper>1</upper></existence><match_negated>false</match_negated><children xsi:type="C_COMPLEX_OBJECT"><rm_type_name>DV_CODED_TEXT</rm_type_name><occurrences><lower_included>true</lower_included><upper_included>true</upper_included><lower_unbounded>false</lower_unbounded><upper_unbounded>false</upper_unbounded><lower>1</lower><upper>1</upper></occurrences><attributes xsi:type="C_SINGLE_ATTRIBUTE"><rm_attribute_name>defining_code</rm_attribute_name><existence><lower_included>true</lower_included><upper_included>true</upper_included><lower_unbounded>false</lower_unbounded><upper_unbounded>false</upper_unbounded><lower>1</lower><upper>1</upper></existence><match_negated>false</match_negated><children xsi:type="C_CODE_PHRASE"><rm_type_name>CODE_PHRASE</rm_type_name><occurrences><lower_included>true</lower_included><upper_included>true</upper_included><lower_unbounded>false</lower_unbounded><upper_unbounded>false</upper_unbounded><lower>1</lower><upper>1</upper></occurrences><terminology_id><value>local</value></terminology_id><code_list>at0016</code_list></children></attributes></children></attributes></children><children xsi:type="C_COMPLEX_OBJECT"><rm_type_name>ISM_TRANSITION</rm_type_name><occurrences><lower_included>true</lower_included><upper_included>true</upper_included><lower_unbounded>false</lower_unbounded><upper_unbounded>false</upper_unbounded><lower>1</lower><upper>1</upper></occurrences><node_id>at0017</node_id><attributes xsi:type="C_SINGLE_ATTRIBUTE"><rm_attribute_name>current_state</rm_attribute_name><existence><lower_included>true</lower_included><upper_included>true</upper_included><lower_unbounded>false</lower_unbounded><upper_unbounded>false</upper_unbounded><lower>1</lower><upper>1</upper></existence><match_negated>false</match_negated><children xsi:type="C_COMPLEX_OBJECT"><rm_type_name>DV_CODED_TEXT</rm_type_name><occurrences><lower_included>true</lower_included><upper_included>true</upper_included><lower_unbounded>false</lower_unbounded><upper_unbounded>false</upper_unbounded><lower>1</lower><upper>1</upper></occurrences><attributes xsi:type="C_SINGLE_ATTRIBUTE"><rm_attribute_name>defining_code</rm_attribute_name><existence><lower_included>true</lower_included><upper_included>true</upper_included><lower_unbounded>false</lower_unbounded><upper_unbounded>false</upper_unbounded><lower>1</lower><upper>1</upper></existence><match_negated>false</match_negated><children xsi:type="C_CODE_PHRASE"><rm_type_name>CODE_PHRASE</rm_type_name><occurrences><lower_included>true</lower_included><upper_included>true</upper_included><lower_unbounded>false</lower_unbounded><upper_unbounded>false</upper_unbounded><lower>1</lower><upper>1</upper></occurrences><terminology_id><value>openehr</value></terminology_id><code_list>531</code_list></children></attributes></children></attributes><attributes xsi:type="C_SINGLE_ATTRIBUTE"><rm_attribute_name>careflow_step</rm_attribute_name><existence><lower_included>true</lower_included><upper_included>true</upper_included><lower_unbounded>false</lower_unbounded><upper_unbounded>false</upper_unbounded><lower>0</lower><upper>1</upper></existence><match_negated>false</match_negated><children xsi:type="C_COMPLEX_OBJECT"><rm_type_name>DV_CODED_TEXT</rm_type_name><occurrences><lower_included>true</lower_included><upper_included>true</upper_included><lower_unbounded>false</lower_unbounded><upper_unbounded>false</upper_unbounded><lower>1</lower><upper>1</upper></occurrences><attributes xsi:type="C_SINGLE_ATTRIBUTE"><rm_attribute_name>defining_code</rm_attribute_name><existence><lower_included>true</lower_included><upper_included>true</upper_included><lower_unbounded>false</lower_unbounded><upper_unbounded>false</upper_unbounded><lower>1</lower><upper>1</upper></existence><match_negated>false</match_negated><children xsi:type="C_CODE_PHRASE"><rm_type_name>CODE_PHRASE</rm_type_name><occurrences><lower_included>true</lower_included><upper_included>true</upper_included><lower_unbounded>false</lower_unbounded><upper_unbounded>false</upper_unbounded><lower>1</lower><upper>1</upper></occurrences><terminology_id><value>local</value></terminology_id><code_list>at0017</code_list></children></attributes></children></attributes></children><children xsi:type="C_COMPLEX_OBJECT"><rm_type_name>ISM_TRANSITION</rm_type_name><occurrences><lower_included>true</lower_included><upper_included>true</upper_included><lower_unbounded>false</lower_unbounded><upper_unbounded>false</upper_unbounded><lower>1</lower><upper>1</upper></occurrences><node_id>at0022</node_id><attributes xsi:type="C_SINGLE_ATTRIBUTE"><rm_attribute_name>current_state</rm_attribute_name><existence><lower_included>true</lower_included><upper_included>true</upper_included><lower_unbounded>false</lower_unbounded><upper_unbounded>false</upper_unbounded><lower>1</lower><upper>1</upper></existence><match_negated>false</match_negated><children xsi:type="C_COMPLEX_OBJECT"><rm_type_name>DV_CODED_TEXT</rm_type_name><occurrences><lower_included>true</lower_included><upper_included>true</upper_included><lower_unbounded>false</lower_unbounded><upper_unbounded>false</upper_unbounded><lower>1</lower><upper>1</upper></occurrences><attributes xsi:type="C_SINGLE_ATTRIBUTE"><rm_attribute_name>defining_code</rm_attribute_name><existence><lower_included>true</lower_included><upper_included>true</upper_included><lower_unbounded>false</lower_unbounded><upper_unbounded>false</upper_unbounded><lower>1</lower><upper>1</upper></existence><match_negated>false</match_negated><children xsi:type="C_CODE_PHRASE"><rm_type_name>CODE_PHRASE</rm_type_name><occurrences><lower_included>true</lower_included><upper_included>true</upper_included><lower_unbounded>false</lower_unbounded><upper_unbounded>false</upper_unbounded><lower>1</lower><upper>1</upper></occurrences><terminology_id><value>openehr</value></terminology_id><code_list>532</code_list></children></attributes></children></attributes><attributes xsi:type="C_SINGLE_ATTRIBUTE"><rm_attribute_name>careflow_step</rm_attribute_name><existence><lower_included>true</lower_included><upper_included>true</upper_included><lower_unbounded>false</lower_unbounded><upper_unbounded>false</upper_unbounded><lower>0</lower><upper>1</upper></existence><match_negated>false</match_negated><children xsi:type="C_COMPLEX_OBJECT"><rm_type_name>DV_CODED_TEXT</rm_type_name><occurrences><lower_included>true</lower_included><upper_included>true</upper_included><lower_unbounded>false</lower_unbounded><upper_unbounded>false</upper_unbounded><lower>1</lower><upper>1</upper></occurrences><attributes xsi:type="C_SINGLE_ATTRIBUTE"><rm_attribute_name>defining_code</rm_attribute_name><existence><lower_included>true</lower_included><upper_included>true</upper_included><lower_unbounded>false</lower_unbounded><upper_unbounded>false</upper_unbounded><lower>1</lower><upper>1</upper></existence><match_negated>false</match_negated><children xsi:type="C_CODE_PHRASE"><rm_type_name>CODE_PHRASE</rm_type_name><occurrences><lower_included>true</lower_included><upper_included>true</upper_included><lower_unbounded>false</lower_unbounded><upper_unbounded>false</upper_unbounded><lower>1</lower><upper>1</upper></occurrences><terminology_id><value>local</value></terminology_id><code_list>at0022</code_list></children></attributes></children></attributes></children></attributes><attributes xsi:type="C_SINGLE_ATTRIBUTE"><rm_attribute_name>description</rm_attribute_name><existence><lower_included>true</lower_included><upper_included>true</upper_included><lower_unbounded>false</lower_unbounded><upper_unbounded>false</upper_unbounded><lower>1</lower><upper>1</upper></existence><match_negated>false</match_negated><children xsi:type="C_COMPLEX_OBJECT"><rm_type_name>ITEM_TREE</rm_type_name><occurrences><lower_included>true</lower_included><upper_included>true</upper_included><lower_unbounded>false</lower_unbounded><upper_unbounded>false</upper_unbounded><lower>1</lower><upper>1</upper></occurrences><node_id>at0001</node_id><attributes xsi:type="C_MULTIPLE_ATTRIBUTE"><rm_attribute_name>items</rm_attribute_name><existence><lower_included>true</lower_included><upper_included>true</upper_included><lower_unbounded>false</lower_unbounded><upper_unbounded>false</upper_unbounded><lower>0</lower><upper>1</upper></existence><match_negated>false</match_negated><children xsi:type="C_COMPLEX_OBJECT"><rm_type_name>ELEMENT</rm_type_name><occurrences><lower_included>true</lower_included><upper_included>false</upper_included><lower_unbounded>false</lower_unbounded><upper_unbounded>true</upper_unbounded><lower>1</lower></occurrences><node_id>at0002</node_id><attributes xsi:type="C_SINGLE_ATTRIBUTE"><rm_attribute_name>value</rm_attribute_name><existence><lower_included>true</lower_included><upper_included>true</upper_included><lower_unbounded>false</lower_unbounded><upper_unbounded>false</upper_unbounded><lower>0</lower><upper>1</upper></existence><match_negated>false</match_negated><children xsi:type="C_COMPLEX_OBJECT"><rm_type_name>DV_CODED_TEXT</rm_type_name><occurrences><lower_included>true</lower_included><upper_included>true</upper_included><lower_unbounded>false</lower_unbounded><upper_unbounded>false</upper_unbounded><lower>1</lower><upper>1</upper></occurrences><attributes xsi:type="C_SINGLE_ATTRIBUTE"><rm_attribute_name>defining_code</rm_attribute_name><existence><lower_included>true</lower_included><upper_included>true</upper_included><lower_unbounded>false</lower_unbounded><upper_unbounded>false</upper_unbounded><lower>1</lower><upper>1</upper></existence><match_negated>false</match_negated><children xsi:type="C_CODE_REFERENCE"><rm_type_name>CODE_PHRASE</rm_type_name><occurrences><lower_included>true</lower_included><upper_included>true</upper_included><lower_unbounded>false</lower_unbounded><upper_unbounded>false</upper_unbounded><lower>0</lower><upper>1</upper></occurrences><referenceSetUri>terminology:consentType?subset=consentType&amp;language=en-GB</referenceSetUri></children></attributes></children></attributes></children><children xsi:type="C_COMPLEX_OBJECT"><rm_type_name>ELEMENT</rm_type_name><occurrences><lower_included>true</lower_included><upper_included>true</upper_included><lower_unbounded>false</lower_unbounded><upper_unbounded>false</upper_unbounded><lower>0</lower><upper>1</upper></occurrences><node_id>at0030</node_id><attributes xsi:type="C_SINGLE_ATTRIBUTE"><rm_attribute_name>value</rm_attribute_name><existence><lower_included>true</lower_included><upper_included>true</upper_included><lower_unbounded>false</lower_unbounded><upper_unbounded>false</upper_unbounded><lower>0</lower><upper>1</upper></existence><match_negated>false</match_negated><children xsi:type="C_COMPLEX_OBJECT"><rm_type_name>DV_TEXT</rm_type_name><occurrences><lower_included>true</lower_included><upper_included>true</upper_included><lower_unbounded>false</lower_unbounded><upper_unbounded>false</upper_unbounded><lower>1</lower><upper>1</upper></occurrences></children></attributes></children><children xsi:type="C_COMPLEX_OBJECT"><rm_type_name>ELEMENT</rm_type_name><occurrences><lower_included>true</lower_included><upper_included>true</upper_included><lower_unbounded>false</lower_unbounded><upper_unbounded>false</upper_unbounded><lower>0</lower><upper>1</upper></occurrences><node_id>at0031</node_id><attributes xsi:type="C_SINGLE_ATTRIBUTE"><rm_attribute_name>value</rm_attribute_name><existence><lower_included>true</lower_included><upper_included>true</upper_included><lower_unbounded>false</lower_unbounded><upper_unbounded>false</upper_unbounded><lower>0</lower><upper>1</upper></existence><match_negated>false</match_negated><children xsi:type="C_COMPLEX_OBJECT"><rm_type_name>DV_TEXT</rm_type_name><occurrences><lower_included>true</lower_included><upper_included>true</upper_included><lower_unbounded>false</lower_unbounded><upper_unbounded>false</upper_unbounded><lower>1</lower><upper>1</upper></occurrences></children></attributes></children><children xsi:type="C_COMPLEX_OBJECT"><rm_type_name>ELEMENT</rm_type_name><occurrences><lower_included>true</lower_included><upper_included>true</upper_included><lower_unbounded>false</lower_unbounded><upper_unbounded>false</upper_unbounded><lower>0</lower><upper>1</upper></occurrences><node_id>at0011</node_id><attributes xsi:type="C_SINGLE_ATTRIBUTE"><rm_attribute_name>value</rm_attribute_name><existence><lower_included>true</lower_included><upper_included>true</upper_included><lower_unbounded>false</lower_unbounded><upper_unbounded>false</upper_unbounded><lower>0</lower><upper>1</upper></existence><match_negated>false</match_negated><children xsi:type="C_COMPLEX_OBJECT"><rm_type_name>DV_TEXT</rm_type_name><occurrences><lower_included>true</lower_included><upper_included>true</upper_included><lower_unbounded>false</lower_unbounded><upper_unbounded>false</upper_unbounded><lower>1</lower><upper>1</upper></occurrences></children></attributes></children><children xsi:type="ARCHETYPE_SLOT"><rm_type_name>CLUSTER</rm_type_name><occurrences><lower_included>true</lower_included><upper_included>false</upper_included><lower_unbounded>false</lower_unbounded><upper_unbounded>true</upper_unbounded><lower>0</lower></occurrences><node_id>at0003</node_id><includes><string_expression>archetype_id/value matches {/openEHR-EHR-CLUSTER\.consent_details(-[a-zA-Z0-9_]+)*\.v1|openEHR-EHR-CLUSTER\.procedure_details(-[a-zA-Z0-9_]+)*\.v1/}</string_expression><expression xsi:type="EXPR_BINARY_OPERATOR"><type>Boolean</type><operator>2007</operator><precedence_overridden>false</precedence_overridden><left_operand xsi:type="EXPR_LEAF"><type>String</type><item xsi:type="xs:string" xmlns:xs="http://www.w3.org/2001/XMLSchema">archetype_id/value</item><reference_type>ATTRIBUTE</reference_type></left_operand><right_operand xsi:type="EXPR_LEAF"><type>String</type><item xsi:type="C_STRING"><pattern>openEHR-EHR-CLUSTER\.consent_details(-[a-zA-Z0-9_]+)*\.v1|openEHR-EHR-CLUSTER\.procedure_details(-[a-zA-Z0-9_]+)*\.v1</pattern></item><reference_type>CONSTRAINT</reference_type></right_operand></expression></includes></children><children xsi:type="C_COMPLEX_OBJECT"><rm_type_name>ELEMENT</rm_type_name><occurrences><lower_included>true</lower_included><upper_included>true</upper_included><lower_unbounded>false</lower_unbounded><upper_unbounded>false</upper_unbounded><lower>0</lower><upper>1</upper></occurrences><node_id>at0004</node_id><attributes xsi:type="C_SINGLE_ATTRIBUTE"><rm_attribute_name>value</rm_attribute_name><existence><lower_included>true</lower_included><upper_included>true</upper_included><lower_unbounded>false</lower_unbounded><upper_unbounded>false</upper_unbounded><lower>0</lower><upper>1</upper></existence><match_negated>false</match_negated><children xsi:type="C_COMPLEX_OBJECT"><rm_type_name>DV_CODED_TEXT</rm_type_name><occurrences><lower_included>true</lower_included><upper_included>true</upper_included><lower_unbounded>false</lower_unbounded><upper_unbounded>false</upper_unbounded><lower>1</lower><upper>1</upper></occurrences><attributes xsi:type="C_SINGLE_ATTRIBUTE"><rm_attribute_name>defining_code</rm_attribute_name><existence><lower_included>true</lower_included><upper_included>true</upper_included><lower_unbounded>false</lower_unbounded><upper_unbounded>false</upper_unbounded><lower>1</lower><upper>1</upper></existence><match_negated>false</match_negated><children xsi:type="C_CODE_PHRASE"><rm_type_name>CODE_PHRASE</rm_type_name><occurrences><lower_included>true</lower_included><upper_included>true</upper_included><lower_unbounded>false</lower_unbounded><upper_unbounded>false</upper_unbounded><lower>1</lower><upper>1</upper></occurrences><terminology_id><value>local</value></terminology_id><code_list>at0005</code_list><code_list>at0006</code_list></children></attributes></children></attributes></children><children xsi:type="C_COMPLEX_OBJECT"><rm_type_name>ELEMENT</rm_type_name><occurrences><lower_included>true</lower_included><upper_included>true</upper_included><lower_unbounded>false</lower_unbounded><upper_unbounded>false</upper_unbounded><lower>0</lower><upper>1</upper></occurrences><node_id>at0007</node_id><attributes xsi:type="C_SINGLE_ATTRIBUTE"><rm_attribute_name>value</rm_attribute_name><existence><lower_included>true</lower_included><upper_included>true</upper_included><lower_unbounded>false</lower_unbounded><upper_unbounded>false</upper_unbounded><lower>0</lower><upper>1</upper></existence><match_negated>false</match_negated><children xsi:type="C_COMPLEX_OBJECT"><rm_type_name>DV_TEXT</rm_type_name><occurrences><lower_included>true</lower_included><upper_included>true</upper_included><lower_unbounded>false</lower_unbounded><upper_unbounded>false</upper_unbounded><lower>1</lower><upper>1</upper></occurrences></children></attributes></children><children xsi:type="C_COMPLEX_OBJECT"><rm_type_name>ELEMENT</rm_type_name><occurrences><lower_included>true</lower_included><upper_included>true</upper_included><lower_unbounded>false</lower_unbounded><upper_unbounded>false</upper_unbounded><lower>0</lower><upper>1</upper></occurrences><node_id>at0008</node_id><attributes xsi:type="C_SINGLE_ATTRIBUTE"><rm_attribute_name>value</rm_attribute_name><existence><lower_included>true</lower_included><upper_included>true</upper_included><lower_unbounded>false</lower_unbounded><upper_unbounded>false</upper_unbounded><lower>0</lower><upper>1</upper></existence><match_negated>false</match_negated><children xsi:type="C_COMPLEX_OBJECT"><rm_type_name>DV_DATE_TIME</rm_type_name><occurrences><lower_included>true</lower_included><upper_included>true</upper_included><lower_unbounded>false</lower_unbounded><upper_unbounded>false</upper_unbounded><lower>1</lower><upper>1</upper></occurrences></children></attributes></children><children xsi:type="C_COMPLEX_OBJECT"><rm_type_name>ELEMENT</rm_type_name><occurrences><lower_included>true</lower_included><upper_included>true</upper_included><lower_unbounded>false</lower_unbounded><upper_unbounded>false</upper_unbounded><lower>0</lower><upper>1</upper></occurrences><node_id>at0009</node_id><attributes xsi:type="C_SINGLE_ATTRIBUTE"><rm_attribute_name>value</rm_attribute_name><existence><lower_included>true</lower_included><upper_included>true</upper_included><lower_unbounded>false</lower_unbounded><upper_unbounded>false</upper_unbounded><lower>0</lower><upper>1</upper></existence><match_negated>false</match_negated><children xsi:type="C_COMPLEX_OBJECT"><rm_type_name>DV_DATE_TIME</rm_type_name><occurrences><lower_included>true</lower_included><upper_included>true</upper_included><lower_unbounded>false</lower_unbounded><upper_unbounded>false</upper_unbounded><lower>1</lower><upper>1</upper></occurrences></children></attributes></children><children xsi:type="C_COMPLEX_OBJECT"><rm_type_name>ELEMENT</rm_type_name><occurrences><lower_included>true</lower_included><upper_included>false</upper_included><lower_unbounded>false</lower_unbounded><upper_unbounded>true</upper_unbounded><lower>0</lower></occurrences><node_id>at0010</node_id><attributes xsi:type="C_SINGLE_ATTRIBUTE"><rm_attribute_name>value</rm_attribute_name><existence><lower_included>true</lower_included><upper_included>true</upper_included><lower_unbounded>false</lower_unbounded><upper_unbounded>false</upper_unbounded><lower>0</lower><upper>1</upper></existence><match_negated>false</match_negated><children xsi:type="C_COMPLEX_OBJECT"><rm_type_name>DV_TEXT</rm_type_name><occurrences><lower_included>true</lower_included><upper_included>true</upper_included><lower_unbounded>false</lower_unbounded><upper_unbounded>false</upper_unbounded><lower>1</lower><upper>1</upper></occurrences></children></attributes></children><children xsi:type="C_COMPLEX_OBJECT"><rm_type_name>ELEMENT</rm_type_name><occurrences><lower_included>true</lower_included><upper_included>true</upper_included><lower_unbounded>false</lower_unbounded><upper_unbounded>false</upper_unbounded><lower>0</lower><upper>1</upper></occurrences><node_id>at0012</node_id><attributes xsi:type="C_SINGLE_ATTRIBUTE"><rm_attribute_name>value</rm_attribute_name><existence><lower_included>true</lower_included><upper_included>true</upper_included><lower_unbounded>false</lower_unbounded><upper_unbounded>false</upper_unbounded><lower>0</lower><upper>1</upper></existence><match_negated>false</match_negated><children xsi:type="C_COMPLEX_OBJECT"><rm_type_name>DV_MULTIMEDIA</rm_type_name><occurrences><lower_included>true</lower_included><upper_included>true</upper_included><lower_unbounded>false</lower_unbounded><upper_unbounded>false</upper_unbounded><lower>1</lower><upper>1</upper></occurrences><attributes xsi:type="C_SINGLE_ATTRIBUTE"><rm_attribute_name>media_type</rm_attribute_name><existence><lower_included>true</lower_included><upper_included>true</upper_included><lower_unbounded>false</lower_unbounded><upper_unbounded>false</upper_unbounded><lower>1</lower><upper>1</upper></existence><match_negated>false</match_negated><children xsi:type="C_CODE_PHRASE"><rm_type_name>CODE_PHRASE</rm_type_name><occurrences><lower_included>true</lower_included><upper_included>true</upper_included><lower_unbounded>false</lower_unbounded><upper_unbounded>false</upper_unbounded><lower>1</lower><upper>1</upper></occurrences><terminology_id><value>IANA_media-types</value></terminology_id><code_list>audio/DVI4</code_list><code_list>audio/G722</code_list><code_list>audio/G723</code_list><code_list>audio/G726-16</code_list><code_list>audio/G726-24</code_list><code_list>audio/G726-32</code_list><code_list>audio/G726-40</code_list><code_list>audio/G728</code_list><code_list>audio/L8</code_list><code_list>audio/L16</code_list><code_list>audio/LPC</code_list><code_list>audio/G729</code_list><code_list>audio/G729D</code_list><code_list>audio/G729E</code_list><code_list>audio/mpeg</code_list><code_list>audio/mpeg4-generic</code_list><code_list>audio/L20</code_list><code_list>audio/L24</code_list><code_list>audio/telephone-event</code_list><code_list>image/cgm</code_list><code_list>image/gif</code_list><code_list>image/png</code_list><code_list>image/tiff</code_list><code_list>image/jpeg</code_list><code_list>text/calendar</code_list><code_list>text/directory</code_list><code_list>text/html</code_list><code_list>text/plain</code_list><code_list>text/rtf</code_list><code_list>text/sgml</code_list><code_list>text/tab-separated-values</code_list><code_list>text/uri-list</code_list><code_list>text/xml</code_list><code_list>text/xml-external-parsed-entity</code_list><code_list>video/BT656</code_list><code_list>video/CelB</code_list><code_list>video/H261</code_list><code_list>video/H263</code_list><code_list>video/H263-1998</code_list><code_list>video/H263-2000</code_list><code_list>video/quicktime</code_list></children></attributes></children></attributes></children><cardinality><is_ordered>false</is_ordered><is_unique>false</is_unique><interval><lower_included>true</lower_included><upper_included>false</upper_included><lower_unbounded>false</lower_unbounded><upper_unbounded>true</upper_unbounded><lower>1</lower></interval></cardinality></attributes></children></attributes><attributes xsi:type="C_SINGLE_ATTRIBUTE"><rm_attribute_name>protocol</rm_attribute_name><existence><lower_included>true</lower_included><upper_included>true</upper_included><lower_unbounded>false</lower_unbounded><upper_unbounded>false</upper_unbounded><lower>0</lower><upper>1</upper></existence><match_negated>false</match_negated><children xsi:type="C_COMPLEX_OBJECT"><rm_type_name>ITEM_TREE</rm_type_name><occurrences><lower_included>true</lower_included><upper_included>true</upper_included><lower_unbounded>false</lower_unbounded><upper_unbounded>false</upper_unbounded><lower>1</lower><upper>1</upper></occurrences><node_id>at0024</node_id><attributes xsi:type="C_MULTIPLE_ATTRIBUTE"><rm_attribute_name>items</rm_attribute_name><existence><lower_included>true</lower_included><upper_included>true</upper_included><lower_unbounded>false</lower_unbounded><upper_unbounded>false</upper_unbounded><lower>0</lower><upper>1</upper></existence><match_negated>false</match_negated><children xsi:type="C_COMPLEX_OBJECT"><rm_type_name>ELEMENT</rm_type_name><occurrences><lower_included>true</lower_included><upper_included>true</upper_included><lower_unbounded>false</lower_unbounded><upper_unbounded>false</upper_unbounded><lower>0</lower><upper>1</upper></occurrences><node_id>at0025</node_id><attributes xsi:type="C_SINGLE_ATTRIBUTE"><rm_attribute_name>value</rm_attribute_name><existence><lower_included>true</lower_included><upper_included>true</upper_included><lower_unbounded>false</lower_unbounded><upper_unbounded>false</upper_unbounded><lower>0</lower><upper>1</upper></existence><match_negated>false</match_negated><children xsi:type="C_COMPLEX_OBJECT"><rm_type_name>DV_TEXT</rm_type_name><occurrences><lower_included>true</lower_included><upper_included>true</upper_included><lower_unbounded>false</lower_unbounded><upper_unbounded>false</upper_unbounded><lower>1</lower><upper>1</upper></occurrences></children></attributes></children><children xsi:type="C_COMPLEX_OBJECT"><rm_type_name>ELEMENT</rm_type_name><occurrences><lower_included>true</lower_included><upper_included>true</upper_included><lower_unbounded>false</lower_unbounded><upper_unbounded>false</upper_unbounded><lower>0</lower><upper>1</upper></occurrences><node_id>at0026</node_id><attributes xsi:type="C_SINGLE_ATTRIBUTE"><rm_attribute_name>value</rm_attribute_name><existence><lower_included>true</lower_included><upper_included>true</upper_included><lower_unbounded>false</lower_unbounded><upper_unbounded>false</upper_unbounded><lower>0</lower><upper>1</upper></existence><match_negated>false</match_negated><children xsi:type="C_COMPLEX_OBJECT"><rm_type_name>DV_DATE_TIME</rm_type_name><occurrences><lower_included>true</lower_included><upper_included>true</upper_included><lower_unbounded>false</lower_unbounded><upper_unbounded>false</upper_unbounded><lower>1</lower><upper>1</upper></occurrences></children></attributes></children><children xsi:type="ARCHETYPE_SLOT"><rm_type_name>CLUSTER</rm_type_name><occurrences><lower_included>true</lower_included><upper_included>false</upper_included><lower_unbounded>false</lower_unbounded><upper_unbounded>true</upper_unbounded><lower>0</lower></occurrences><node_id>at0028</node_id><includes><string_expression>archetype_id/value matches {/.*/}</string_expression><expression xsi:type="EXPR_BINARY_OPERATOR"><type>Boolean</type><operator>2007</operator><precedence_overridden>false</precedence_overridden><left_operand xsi:type="EXPR_LEAF"><type>String</type><item xsi:type="xs:string" xmlns:xs="http://www.w3.org/2001/XMLSchema">archetype_id/value</item><reference_type>ATTRIBUTE</reference_type></left_operand><right_operand xsi:type="EXPR_LEAF"><type>String</type><item xsi:type="C_STRING"><pattern>.*</pattern></item><reference_type>CONSTRAINT</reference_type></right_operand></expression></includes></children><children xsi:type="ARCHETYPE_SLOT"><rm_type_name>CLUSTER</rm_type_name><occurrences><lower_included>true</lower_included><upper_included>false</upper_included><lower_unbounded>false</lower_unbounded><upper_unbounded>true</upper_unbounded><lower>0</lower></occurrences><node_id>at0029</node_id><includes><string_expression>archetype_id/value matches {/.*/}</string_expression><expression xsi:type="EXPR_BINARY_OPERATOR"><type>Boolean</type><operator>2007</operator><precedence_overridden>false</precedence_overridden><left_operand xsi:type="EXPR_LEAF"><type>String</type><item xsi:type="xs:string" xmlns:xs="http://www.w3.org/2001/XMLSchema">archetype_id/value</item><reference_type>ATTRIBUTE</reference_type></left_operand><right_operand xsi:type="EXPR_LEAF"><type>String</type><item xsi:type="C_STRING"><pattern>.*</pattern></item><reference_type>CONSTRAINT</reference_type></right_operand></expression></includes></children><children xsi:type="C_COMPLEX_OBJECT"><rm_type_name>CLUSTER</rm_type_name><occurrences><lower_included>true</lower_included><upper_included>false</upper_included><lower_unbounded>false</lower_unbounded><upper_unbounded>true</upper_unbounded><lower>0</lower></occurrences><node_id>at0033</node_id><attributes xsi:type="C_MULTIPLE_ATTRIBUTE"><rm_attribute_name>items</rm_attribute_name><existence><lower_included>true</lower_included><upper_included>true</upper_included><lower_unbounded>false</lower_unbounded><upper_unbounded>false</upper_unbounded><lower>1</lower><upper>1</upper></existence><match_negated>false</match_negated><children xsi:type="C_COMPLEX_OBJECT"><rm_type_name>ELEMENT</rm_type_name><occurrences><lower_included>true</lower_included><upper_included>true</upper_included><lower_unbounded>false</lower_unbounded><upper_unbounded>false</upper_unbounded><lower>0</lower><upper>1</upper></occurrences><node_id>at0032</node_id><attributes xsi:type="C_SINGLE_ATTRIBUTE"><rm_attribute_name>value</rm_attribute_name><existence><lower_included>true</lower_included><upper_included>true</upper_included><lower_unbounded>false</lower_unbounded><upper_unbounded>false</upper_unbounded><lower>0</lower><upper>1</upper></existence><match_negated>false</match_negated><children xsi:type="C_COMPLEX_OBJECT"><rm_type_name>DV_TEXT</rm_type_name><occurrences><lower_included>true</lower_included><upper_included>true</upper_included><lower_unbounded>false</lower_unbounded><upper_unbounded>false</upper_unbounded><lower>1</lower><upper>1</upper></occurrences></children></attributes></children><children xsi:type="C_COMPLEX_OBJECT"><rm_type_name>ELEMENT</rm_type_name><occurrences><lower_included>true</lower_included><upper_included>true</upper_included><lower_unbounded>false</lower_unbounded><upper_unbounded>false</upper_unbounded><lower>0</lower><upper>1</upper></occurrences><node_id>at0035</node_id><attributes xsi:type="C_SINGLE_ATTRIBUTE"><rm_attribute_name>value</rm_attribute_name><existence><lower_included>true</lower_included><upper_included>true</upper_included><lower_unbounded>false</lower_unbounded><upper_unbounded>false</upper_unbounded><lower>0</lower><upper>1</upper></existence><match_negated>false</match_negated><children xsi:type="C_COMPLEX_OBJECT"><rm_type_name>DV_TEXT</rm_type_name><occurrences><lower_included>true</lower_included><upper_included>true</upper_included><lower_unbounded>false</lower_unbounded><upper_unbounded>false</upper_unbounded><lower>1</lower><upper>1</upper></occurrences></children></attributes></children><children xsi:type="C_COMPLEX_OBJECT"><rm_type_name>ELEMENT</rm_type_name><occurrences><lower_included>true</lower_included><upper_included>false</upper_included><lower_unbounded>false</lower_unbounded><upper_unbounded>true</upper_unbounded><lower>0</lower></occurrences><node_id>at0034</node_id><attributes xsi:type="C_SINGLE_ATTRIBUTE"><rm_attribute_name>value</rm_attribute_name><existence><lower_included>true</lower_included><upper_included>true</upper_included><lower_unbounded>false</lower_unbounded><upper_unbounded>false</upper_unbounded><lower>0</lower><upper>1</upper></existence><match_negated>false</match_negated><children xsi:type="C_COMPLEX_OBJECT"><rm_type_name>DV_MULTIMEDIA</rm_type_name><occurrences><lower_included>true</lower_included><upper_included>true</upper_included><lower_unbounded>false</lower_unbounded><upper_unbounded>false</upper_unbounded><lower>1</lower><upper>1</upper></occurrences><attributes xsi:type="C_SINGLE_ATTRIBUTE"><rm_attribute_name>media_type</rm_attribute_name><existence><lower_included>true</lower_included><upper_included>true</upper_included><lower_unbounded>false</lower_unbounded><upper_unbounded>false</upper_unbounded><lower>1</lower><upper>1</upper></existence><match_negated>false</match_negated><children xsi:type="C_CODE_PHRASE"><rm_type_name>CODE_PHRASE</rm_type_name><occurrences><lower_included>true</lower_included><upper_included>true</upper_included><lower_unbounded>false</lower_unbounded><upper_unbounded>false</upper_unbounded><lower>1</lower><upper>1</upper></occurrences><terminology_id><value>IANA_media-types</value></terminology_id><code_list>audio/DVI4</code_list><code_list>audio/G722</code_list><code_list>audio/G723</code_list><code_list>audio/G726-16</code_list><code_list>audio/G726-24</code_list><code_list>audio/G726-32</code_list><code_list>audio/G726-40</code_list><code_list>audio/G728</code_list><code_list>audio/L8</code_list><code_list>audio/L16</code_list><code_list>audio/LPC</code_list><code_list>audio/G729</code_list><code_list>audio/G729D</code_list><code_list>audio/G729E</code_list><code_list>audio/mpeg</code_list><code_list>audio/mpeg4-generic</code_list><code_list>audio/L20</code_list><code_list>audio/L24</code_list><code_list>audio/telephone-event</code_list><code_list>image/cgm</code_list><code_list>image/gif</code_list><code_list>image/png</code_list><code_list>image/tiff</code_list><code_list>image/jpeg</code_list><code_list>text/calendar</code_list><code_list>text/directory</code_list><code_list>text/html</code_list><code_list>text/plain</code_list><code_list>text/rtf</code_list><code_list>text/sgml</code_list><code_list>text/tab-separated-values</code_list><code_list>text/uri-list</code_list><code_list>text/xml</code_list><code_list>text/xml-external-parsed-entity</code_list><code_list>video/BT656</code_list><code_list>video/CelB</code_list><code_list>video/H261</code_list><code_list>video/H263</code_list><code_list>video/H263-1998</code_list><code_list>video/H263-2000</code_list><code_list>video/quicktime</code_list></children></attributes></children></attributes></children><cardinality><is_ordered>false</is_ordered><is_unique>false</is_unique><interval><lower_included>true</lower_included><upper_included>false</upper_included><lower_unbounded>false</lower_unbounded><upper_unbounded>true</upper_unbounded><lower>1</lower></interval></cardinality></attributes></children><cardinality><is_ordered>false</is_ordered><is_unique>false</is_unique><interval><lower_included>true</lower_included><upper_included>false</upper_included><lower_unbounded>false</lower_unbounded><upper_unbounded>true</upper_unbounded><lower>0</lower></interval></cardinality></attributes></children></attributes><archetype_id><value>openEHR-EHR-ACTION.informed_consent.v0</value></archetype_id><term_definitions code="at0001"><items id="text">Tree</items><items id="description">@ internal @</items></term_definitions><term_definitions code="at0002"><items id="text">Procedure/Trial/Activity</items><items id="description">Identification of the procedure, clinical trial or healthcare-related activity (including correct side/correct site, where appropriate) against which the consent status and details are recorded.</items></term_definitions><term_definitions code="at0003"><items id="text">Details</items><items id="description">Additional structured details about the procedure/trial/activity itself or additional structured consent details.</items><items id="comment">For example: intent/purpose; anaesthetic details; disclosure of material risks; and proposed benefits discussed.</items></term_definitions><term_definitions code="at0004"><items id="text">Form of Consent</items><items id="description">Form of the consent sought or provided.</items></term_definitions><term_definitions code="at0005"><items id="text">Written</items><items id="description">Format of the consent is written.</items></term_definitions><term_definitions code="at0006"><items id="text">Verbal</items><items id="description">Format of the consent is verbal.</items></term_definitions><term_definitions code="at0007"><items id="text">Reason</items><items id="description">Reason that the care pathway step for the identified procedure, clinical trial or healthcare-related activity was carried out.</items><items id="comment">For example, the reason for 'consent refused' or 'consent withdrawn'.</items></term_definitions><term_definitions code="at0008"><items id="text">Start Date</items><items id="description">Date, and optional time, when validity of the informed consent becomes active.</items></term_definitions><term_definitions code="at0009"><items id="text">End Date</items><items id="description">Date, and optional time, when validity of the informed consent ceased.</items></term_definitions><term_definitions code="at0010"><items id="text">Caveat</items><items id="description">Details of any qualifications or exemptions to the informed consent.</items></term_definitions><term_definitions code="at0011"><items id="text">Consent Description</items><items id="description">Narrative description of the informed consent required or recorded prior to performing the proposed procedure, clinical trial or healthcare-related activity.</items></term_definitions><term_definitions code="at0012"><items id="text">Evidence of Consent</items><items id="description">Evidence of consent status.</items><items id="comment">For example, audio of consent being requested or image of written consent obtained.</items></term_definitions><term_definitions code="at0013"><items id="text">Planned</items><items id="description">Need for informed consent is identified.</items></term_definitions><term_definitions code="at0014"><items id="text">Informed Consent Requested</items><items id="description">Informed consent has been requested from the patient or patient's agent, but no response has been received.</items></term_definitions><term_definitions code="at0015"><items id="text">Informed Consent Provided</items><items id="description">Informed consent has been provided by the patient or patient's agent.</items></term_definitions><term_definitions code="at0016"><items id="text">Informed Consent Refused</items><items id="description">In response to a request for informed consent, it has been refused by patient or patient's agent.</items></term_definitions><term_definitions code="at0017"><items id="text">Informed Consent Withdrawn</items><items id="description">Following initial provision of informed consent, it has been withrawn by the patient or patient's agent.</items></term_definitions><term_definitions code="at0018"><items id="text">Cancelled</items><items id="description">Intent to request informed consent has been cancelled, prior to requesting consent from patient or patient's agent..</items></term_definitions><term_definitions code="at0019"><items id="text">Postponed</items><items id="description">Intent to request informed consent has been postponed.</items></term_definitions><term_definitions code="at0021"><items id="text">Informed Consent Not Obtained</items><items id="description">Informed consent was not obtainable from either the patient or patient's advocate.</items></term_definitions><term_definitions code="at0022"><items id="text">Completed</items><items id="description">Informed consent has been provided by the patient or patient's agent and the activity is now complete.</items></term_definitions><term_definitions code="at0024"><items id="text">Tree</items><items id="description">@ internal @</items></term_definitions><term_definitions code="at0025"><items id="text">Consent Document Used</items><items id="description">Identification of the consent form or document used.</items></term_definitions><term_definitions code="at0026"><items id="text">Review Date</items><items id="description">Date when consent status is due for review.</items></term_definitions><term_definitions code="at0027"><items id="text">Appointment Scheduled</items><items id="description">An appointment has been scheduled to request consent.</items></term_definitions><term_definitions code="at0028"><items id="text">Consent Requester</items><items id="description">Details about the healthcare provider who is requesting or recording the consent.</items><items id="comment">Insert archetyped demographic details in this SLOT if it is not possible to use other_participations.</items></term_definitions><term_definitions code="at0029"><items id="text">Consent Provider</items><items id="description">Details about the subject (or subject's agent) who is being requested for, or providing, the consent for the procedure, clinical trial or healthcare-related activity.</items><items id="comment">Insert archetyped demographic details in this SLOT if it is not possible to use other_participations.</items></term_definitions><term_definitions code="at0030"><items id="text">Procedure/Trial/Activity Description</items><items id="description">Narrative description of the procedure, clinical trial or healthcare-related activity.</items></term_definitions><term_definitions code="at0031"><items id="text">Intent</items><items id="description">Description of the intent of the procedure, clinical trial or healthcare-related activity.</items></term_definitions><term_definitions code="at0032"><items id="text">Name</items><items id="description">Identification of the information made available.</items><items id="comment">For example, the name of the form.</items></term_definitions><term_definitions code="at0033"><items id="text">Patient Information</items><items id="description">Details about Patient Information made available to the subject or subject's agent.</items></term_definitions><term_definitions code="at0034"><items id="text">Multimedia Representation</items><items id="description">Digital representation of the Patient Information made available.</items></term_definitions><term_definitions code="at0035"><items id="text">Description</items><items id="description">Narrative description of the patient information made available.</items></term_definitions><term_definitions code="at0000"><items id="text">Informed Consent</items><items id="description">Record of status and details of informed consent from a patient (or patient's agent) for a proposed procedure, trial or other healthcare-related activity (including treatments and investigations), based upon a clear appreciation and understanding of the facts, implications, and possible future consequences by the patient or patient's agent.</items></term_definitions></children><cardinality><is_ordered>false</is_ordered><is_unique>false</is_unique><interval><lower_included>true</lower_included><upper_included>false</upper_included><lower_unbounded>false</lower_unbounded><upper_unbounded>true</upper_unbounded><lower>0</lower></interval></cardinality></attributes><archetype_id><value>openEHR-EHR-COMPOSITION.encounter.v1</value></archetype_id><template_id><value>Patient Consent</value></template_id><term_definitions code="at0001"><items id="text">Tree</items><items id="description">@ internal @</items></term_definitions><term_definitions code="at0002"><items id="text">Extension</items><items id="description">Additional information required to capture local context or to align with other reference models/formalisms.</items><items id="comment">e.g. Local hospital departmental infomation or additional metadata to align with FHIR or CIMI equivalents.</items></term_definitions><term_definitions code="at0000"><items id="text">Patient Consent</items><items id="description">Interaction, contact or care event between a subject of care and healthcare provider(s).</items></term_definitions></definition><ontology archetype_id="openEHR-EHR-COMPOSITION.encounter.v1"/><component_ontologies archetype_id="openEHR-EHR-CLUSTER.encounter_context.v0"/><component_ontologies archetype_id="openEHR-EHR-ACTION.informed_consent.v0"/></template>