<?xml version="1.0" encoding="UTF-8" standalone="yes"?><template xmlns="http://schemas.openehr.org/v1"><language><terminology_id><value>ISO_639-1</value></terminology_id><code_string>en</code_string></language><description><original_author id="date">2018-10-10</original_author><lifecycle_state>unmanaged</lifecycle_state><other_details id="licence">This work is licensed under the Creative Commons Attribution-ShareAlike 3.0 License. To view a copy of this license, visit http://creativecommons.org/licenses/by-sa/3.0/.</other_details><other_details id="custodian_organisation">openEHR Foundation</other_details><other_details id="original_namespace">org.openehr</other_details><other_details id="original_publisher">openEHR Foundation</other_details><other_details id="custodian_namespace">org.openehr</other_details><other_details id="build_uid">35f77377-7cdf-3e59-9831-b5cc4031df70</other_details><details><language><terminology_id><value>ISO_639-1</value></terminology_id><code_string>en</code_string></language><purpose>Not Specified</purpose></details></description><uid><value>ec0aafbb-08cb-429b-b085-51e653f50371</value></uid><template_id><value>Patient Tx Status</value></template_id><concept>Patient Tx Status</concept><definition><rm_type_name>COMPOSITION</rm_type_name><occurrences><lower_included>true</lower_included><upper_included>true</upper_included><lower_unbounded>false</lower_unbounded><upper_unbounded>false</upper_unbounded><lower>1</lower><upper>1</upper></occurrences><node_id>at0000</node_id><attributes xsi:type="C_SINGLE_ATTRIBUTE" xmlns:xsi="http://www.w3.org/2001/XMLSchema-instance"><rm_attribute_name>category</rm_attribute_name><existence><lower_included>true</lower_included><upper_included>true</upper_included><lower_unbounded>false</lower_unbounded><upper_unbounded>false</upper_unbounded><lower>1</lower><upper>1</upper></existence><match_negated>false</match_negated><children xsi:type="C_COMPLEX_OBJECT"><rm_type_name>DV_CODED_TEXT</rm_type_name><occurrences><lower_included>true</lower_included><upper_included>true</upper_included><lower_unbounded>false</lower_unbounded><upper_unbounded>false</upper_unbounded><lower>1</lower><upper>1</upper></occurrences><attributes xsi:type="C_SINGLE_ATTRIBUTE"><rm_attribute_name>defining_code</rm_attribute_name><existence><lower_included>true</lower_included><upper_included>true</upper_included><lower_unbounded>false</lower_unbounded><upper_unbounded>false</upper_unbounded><lower>1</lower><upper>1</upper></existence><match_negated>false</match_negated><children xsi:type="C_CODE_PHRASE"><rm_type_name>CODE_PHRASE</rm_type_name><occurrences><lower_included>true</lower_included><upper_included>true</upper_included><lower_unbounded>false</lower_unbounded><upper_unbounded>false</upper_unbounded><lower>1</lower><upper>1</upper></occurrences><terminology_id><value>openehr</value></terminology_id><code_list>433</code_list></children></attributes></children></attributes><attributes xsi:type="C_SINGLE_ATTRIBUTE" xmlns:xsi="http://www.w3.org/2001/XMLSchema-instance"><rm_attribute_name>context</rm_attribute_name><existence><lower_included>true</lower_included><upper_included>true</upper_included><lower_unbounded>false</lower_unbounded><upper_unbounded>false</upper_unbounded><lower>0</lower><upper>1</upper></existence><match_negated>false</match_negated><children xsi:type="C_COMPLEX_OBJECT"><rm_type_name>EVENT_CONTEXT</rm_type_name><occurrences><lower_included>true</lower_included><upper_included>true</upper_included><lower_unbounded>false</lower_unbounded><upper_unbounded>false</upper_unbounded><lower>1</lower><upper>1</upper></occurrences><attributes xsi:type="C_SINGLE_ATTRIBUTE"><rm_attribute_name>other_context</rm_attribute_name><existence><lower_included>true</lower_included><upper_included>true</upper_included><lower_unbounded>false</lower_unbounded><upper_unbounded>false</upper_unbounded><lower>0</lower><upper>1</upper></existence><match_negated>false</match_negated><children xsi:type="C_COMPLEX_OBJECT"><rm_type_name>ITEM_TREE</rm_type_name><occurrences><lower_included>true</lower_included><upper_included>true</upper_included><lower_unbounded>false</lower_unbounded><upper_unbounded>false</upper_unbounded><lower>1</lower><upper>1</upper></occurrences><node_id>at0001</node_id><attributes xsi:type="C_MULTIPLE_ATTRIBUTE"><rm_attribute_name>items</rm_attribute_name><existence><lower_included>true</lower_included><upper_included>true</upper_included><lower_unbounded>false</lower_unbounded><upper_unbounded>false</upper_unbounded><lower>0</lower><upper>1</upper></existence><match_negated>false</match_negated><children xsi:type="ARCHETYPE_SLOT"><rm_type_name>CLUSTER</rm_type_name><occurrences><lower_included>true</lower_included><upper_included>false</upper_included><lower_unbounded>false</lower_unbounded><upper_unbounded>true</upper_unbounded><lower>0</lower></occurrences><node_id>at0002</node_id><includes><string_expression>archetype_id/value matches {/.*/}</string_expression><expression xsi:type="EXPR_BINARY_OPERATOR"><type>Boolean</type><operator>2007</operator><precedence_overridden>false</precedence_overridden><left_operand xsi:type="EXPR_LEAF"><type>String</type><item xsi:type="xs:string" xmlns:xs="http://www.w3.org/2001/XMLSchema">archetype_id/value</item><reference_type>ATTRIBUTE</reference_type></left_operand><right_operand xsi:type="EXPR_LEAF"><type>String</type><item xsi:type="C_STRING"><pattern>.*</pattern></item><reference_type>CONSTRAINT</reference_type></right_operand></expression></includes></children><cardinality><is_ordered>false</is_ordered><is_unique>false</is_unique><interval><lower_included>true</lower_included><upper_included>false</upper_included><lower_unbounded>false</lower_unbounded><upper_unbounded>true</upper_unbounded><lower>0</lower></interval></cardinality></attributes></children></attributes></children></attributes><attributes xsi:type="C_MULTIPLE_ATTRIBUTE" xmlns:xsi="http://www.w3.org/2001/XMLSchema-instance"><rm_attribute_name>content</rm_attribute_name><existence><lower_included>true</lower_included><upper_included>true</upper_included><lower_unbounded>false</lower_unbounded><upper_unbounded>false</upper_unbounded><lower>0</lower><upper>1</upper></existence><match_negated>false</match_negated><children xsi:type="C_ARCHETYPE_ROOT"><rm_type_name>ADMIN_ENTRY</rm_type_name><occurrences><lower_included>true</lower_included><upper_included>false</upper_included><lower_unbounded>false</lower_unbounded><upper_unbounded>true</upper_unbounded><lower>0</lower></occurrences><node_id>at0000</node_id><attributes xsi:type="C_SINGLE_ATTRIBUTE"><rm_attribute_name>data</rm_attribute_name><existence><lower_included>true</lower_included><upper_included>true</upper_included><lower_unbounded>false</lower_unbounded><upper_unbounded>false</upper_unbounded><lower>1</lower><upper>1</upper></existence><match_negated>false</match_negated><children xsi:type="C_COMPLEX_OBJECT"><rm_type_name>ITEM_TREE</rm_type_name><occurrences><lower_included>true</lower_included><upper_included>true</upper_included><lower_unbounded>false</lower_unbounded><upper_unbounded>false</upper_unbounded><lower>1</lower><upper>1</upper></occurrences><node_id>at0001</node_id><attributes xsi:type="C_MULTIPLE_ATTRIBUTE"><rm_attribute_name>items</rm_attribute_name><existence><lower_included>true</lower_included><upper_included>true</upper_included><lower_unbounded>false</lower_unbounded><upper_unbounded>false</upper_unbounded><lower>0</lower><upper>1</upper></existence><match_negated>false</match_negated><children xsi:type="C_COMPLEX_OBJECT"><rm_type_name>ELEMENT</rm_type_name><occurrences><lower_included>true</lower_included><upper_included>true</upper_included><lower_unbounded>false</lower_unbounded><upper_unbounded>false</upper_unbounded><lower>0</lower><upper>1</upper></occurrences><node_id>at0002</node_id><attributes xsi:type="C_SINGLE_ATTRIBUTE"><rm_attribute_name>value</rm_attribute_name><existence><lower_included>true</lower_included><upper_included>true</upper_included><lower_unbounded>false</lower_unbounded><upper_unbounded>false</upper_unbounded><lower>0</lower><upper>1</upper></existence><match_negated>false</match_negated><children xsi:type="C_COMPLEX_OBJECT"><rm_type_name>DV_CODED_TEXT</rm_type_name><occurrences><lower_included>true</lower_included><upper_included>true</upper_included><lower_unbounded>false</lower_unbounded><upper_unbounded>false</upper_unbounded><lower>1</lower><upper>1</upper></occurrences><attributes xsi:type="C_SINGLE_ATTRIBUTE"><rm_attribute_name>defining_code</rm_attribute_name><existence><lower_included>true</lower_included><upper_included>true</upper_included><lower_unbounded>false</lower_unbounded><upper_unbounded>false</upper_unbounded><lower>1</lower><upper>1</upper></existence><match_negated>false</match_negated><children xsi:type="C_CODE_PHRASE"><rm_type_name>CODE_PHRASE</rm_type_name><occurrences><lower_included>true</lower_included><upper_included>true</upper_included><lower_unbounded>false</lower_unbounded><upper_unbounded>false</upper_unbounded><lower>1</lower><upper>1</upper></occurrences><terminology_id><value>local</value></terminology_id><code_list>at0006</code_list><code_list>at0007</code_list><code_list>at0008</code_list><code_list>at0009</code_list><code_list>at0010</code_list><code_list>at0011</code_list></children></attributes></children></attributes><attributes xsi:type="C_SINGLE_ATTRIBUTE"><rm_attribute_name>name</rm_attribute_name><existence><lower_included>true</lower_included><upper_included>true</upper_included><lower_unbounded>false</lower_unbounded><upper_unbounded>false</upper_unbounded><lower>1</lower><upper>1</upper></existence><match_negated>false</match_negated><children xsi:type="C_COMPLEX_OBJECT"><rm_type_name>DV_TEXT</rm_type_name><occurrences><lower_included>true</lower_included><upper_included>true</upper_included><lower_unbounded>false</lower_unbounded><upper_unbounded>false</upper_unbounded><lower>1</lower><upper>1</upper></occurrences><attributes xsi:type="C_SINGLE_ATTRIBUTE"><rm_attribute_name>value</rm_attribute_name><existence><lower_included>true</lower_included><upper_included>true</upper_included><lower_unbounded>false</lower_unbounded><upper_unbounded>false</upper_unbounded><lower>1</lower><upper>1</upper></existence><match_negated>false</match_negated><children xsi:type="C_PRIMITIVE_OBJECT"><rm_type_name>STRING</rm_type_name><occurrences><lower_included>true</lower_included><upper_included>true</upper_included><lower_unbounded>false</lower_unbounded><upper_unbounded>false</upper_unbounded><lower>1</lower><upper>1</upper></occurrences><item xsi:type="C_STRING"><list>Patient Tx Status</list></item></children></attributes></children></attributes></children><children xsi:type="C_COMPLEX_OBJECT"><rm_type_name>ELEMENT</rm_type_name><occurrences><lower_included>true</lower_included><upper_included>true</upper_included><lower_unbounded>false</lower_unbounded><upper_unbounded>false</upper_unbounded><lower>0</lower><upper>1</upper></occurrences><node_id>at0005</node_id><attributes xsi:type="C_SINGLE_ATTRIBUTE"><rm_attribute_name>value</rm_attribute_name><existence><lower_included>true</lower_included><upper_included>true</upper_included><lower_unbounded>false</lower_unbounded><upper_unbounded>false</upper_unbounded><lower>0</lower><upper>1</upper></existence><match_negated>false</match_negated><children xsi:type="C_COMPLEX_OBJECT"><rm_type_name>DV_TEXT</rm_type_name><occurrences><lower_included>true</lower_included><upper_included>true</upper_included><lower_unbounded>false</lower_unbounded><upper_unbounded>false</upper_unbounded><lower>1</lower><upper>1</upper></occurrences></children></attributes></children><children xsi:type="C_COMPLEX_OBJECT"><rm_type_name>ELEMENT</rm_type_name><occurrences><lower_included>true</lower_included><upper_included>true</upper_included><lower_unbounded>false</lower_unbounded><upper_unbounded>false</upper_unbounded><lower>0</lower><upper>1</upper></occurrences><node_id>at0004</node_id><attributes xsi:type="C_SINGLE_ATTRIBUTE"><rm_attribute_name>value</rm_attribute_name><existence><lower_included>true</lower_included><upper_included>true</upper_included><lower_unbounded>false</lower_unbounded><upper_unbounded>false</upper_unbounded><lower>0</lower><upper>1</upper></existence><match_negated>false</match_negated><children xsi:type="C_COMPLEX_OBJECT"><rm_type_name>DV_DATE_TIME</rm_type_name><occurrences><lower_included>true</lower_included><upper_included>true</upper_included><lower_unbounded>false</lower_unbounded><upper_unbounded>false</upper_unbounded><lower>1</lower><upper>1</upper></occurrences></children></attributes></children><cardinality><is_ordered>false</is_ordered><is_unique>false</is_unique><interval><lower_included>true</lower_included><upper_included>false</upper_included><lower_unbounded>false</lower_unbounded><upper_unbounded>true</upper_unbounded><lower>0</lower></interval></cardinality></attributes></children></attributes><attributes xsi:type="C_SINGLE_ATTRIBUTE"><rm_attribute_name>name</rm_attribute_name><existence><lower_included>true</lower_included><upper_included>true</upper_included><lower_unbounded>false</lower_unbounded><upper_unbounded>false</upper_unbounded><lower>1</lower><upper>1</upper></existence><match_negated>false</match_negated><children xsi:type="C_COMPLEX_OBJECT"><rm_type_name>DV_TEXT</rm_type_name><occurrences><lower_included>true</lower_included><upper_included>true</upper_included><lower_unbounded>false</lower_unbounded><upper_unbounded>false</upper_unbounded><lower>1</lower><upper>1</upper></occurrences><attributes xsi:type="C_SINGLE_ATTRIBUTE"><rm_attribute_name>value</rm_attribute_name><existence><lower_included>true</lower_included><upper_included>true</upper_included><lower_unbounded>false</lower_unbounded><upper_unbounded>false</upper_unbounded><lower>1</lower><upper>1</upper></existence><match_negated>false</match_negated><children xsi:type="C_PRIMITIVE_OBJECT"><rm_type_name>STRING</rm_type_name><occurrences><lower_included>true</lower_included><upper_included>true</upper_included><lower_unbounded>false</lower_unbounded><upper_unbounded>false</upper_unbounded><lower>1</lower><upper>1</upper></occurrences><item xsi:type="C_STRING"><list>Patient Tx Status</list></item></children></attributes></children></attributes><archetype_id><value>openEHR-EHR-ADMIN_ENTRY.patient_process_status.v0</value></archetype_id><term_definitions code="at0001"><items id="text">Tree</items><items id="description">@ internal @</items></term_definitions><term_definitions code="at0002"><items id="text">Patient Tx Status</items><items id="description">*</items></term_definitions><term_definitions code="at0003"><items id="text">Additional status</items><items id="description">*</items></term_definitions><term_definitions code="at0004"><items id="text">Date of status changed</items><items id="description">*</items></term_definitions><term_definitions code="at0005"><items id="text">Status reason</items><items id="description">*</items></term_definitions><term_definitions code="at0006"><items id="text">Congestive Heart Failure</items><items id="description">Congestive Heart Failure</items></term_definitions><term_definitions code="at0007"><items id="text">TX Protocol</items><items id="description">TX Protocol</items></term_definitions><term_definitions code="at0008"><items id="text">Elective TX list</items><items id="description">Elective TX list</items></term_definitions><term_definitions code="at0009"><items id="text">HU TX list</items><items id="description">HU TX list</items></term_definitions><term_definitions code="at0010"><items id="text">Rejected</items><items id="description">Rejected</items></term_definitions><term_definitions code="at0011"><items id="text">After heart transplant</items><items id="description">After heart transplant</items></term_definitions><term_definitions code="at0000"><items id="text">Patient Tx Status</items><items id="description">unknown</items></term_definitions></children><cardinality><is_ordered>false</is_ordered><is_unique>false</is_unique><interval><lower_included>true</lower_included><upper_included>false</upper_included><lower_unbounded>false</lower_unbounded><upper_unbounded>true</upper_unbounded><lower>0</lower></interval></cardinality></attributes><archetype_id><value>openEHR-EHR-COMPOSITION.encounter.v1</value></archetype_id><template_id><value>Patient Tx Status</value></template_id><term_definitions code="at0001"><items id="text">Tree</items><items id="description">@ internal @</items></term_definitions><term_definitions code="at0002"><items id="text">Extension</items><items id="description">Additional information required to capture local context or to align with other reference models/formalisms.</items><items id="comment">e.g. Local hospital departmental infomation or additional metadata to align with FHIR or CIMI equivalents.</items></term_definitions><term_definitions code="at0000"><items id="text">Therapy Status</items><items id="description">Interaction, contact or care event between a subject of care and healthcare provider(s).</items></term_definitions></definition><ontology archetype_id="openEHR-EHR-COMPOSITION.encounter.v1"/><component_ontologies archetype_id="openEHR-EHR-ADMIN_ENTRY.patient_process_status.v0"/></template>