{"name":"getVisits","category":"view","description":"Get visits date - PATHFINDER LITE","metaData":null,"steps":[{"processorName":"jsonFtlAql","processorData":"select\r\n    a_a/activities[at0001]/description[at0009]/items[at0121]/value/value as service_name,\r\n    a_a/activities[at0001]/description[at0009]/items[at0145]/value/value as visit_date,\r\n    a_a/activities[at0001]/description[at0009]/items[at0150]/value/value as comment\r\nfrom EHR e\r\ncontains COMPOSITION a[openEHR-EHR-COMPOSITION.encounter.v1]\r\ncontains INSTRUCTION a_a[openEHR-EHR-INSTRUCTION.service_request.v1]\r\nWHERE e/ehr_id/value = :ehrId\r\norder by visit_date desc\r\nlimit 1"}]}