{"name":"heartRateWidget","category":"view","description":"HR widget data (ACHF3)","metaData":null,"steps":[{"processorName":"jsonAql","processorData":"select\r\n\ta/uid/value as uid,\r\n\ta_a/data[at0002]/events[at0003]/data[at0001]/items[at0004]/value/magnitude as heart_rate,\r\n        a_a/data[at0002]/events[at0003]/data[at0001]/items[at0004]/value/units as units,\r\n\ta_a/data[at0002]/events[at0003]/time/value as measurement_time\r\nFROM EHR e\r\ncontains COMPOSITION a[openEHR-EHR-COMPOSITION.report.v1]\r\ncontains OBSERVATION a_a[openEHR-EHR-OBSERVATION.pulse.v1]\r\nwhere e/ehr_id/value = :ehrId\r\norder by measurement_time desc\r\nlimit 1"}]}