{"name":"VitalSignsMeasurementRequest","category":"view","description":"Get measurement instructions (ACHF3)","metaData":null,"steps":[{"processorName":"jsonAql","processorData":"select\r\n    a_a/activities[at0001]/description[at0009]/items[at0121]/value/defining_code/code_string as Service_name_code,\r\n    a_a/activities[at0001]/description[at0009]/items[at0121]/value/value as Service_name,\r\n    a_a/activities[at0001, 'Request']/description[at0009]/items[at0135, 'Instructions']/value/value as instructions,\r\n    a_a/activities[at0001]/description[at0009]/items[at0145]/value/value as service_period_start_date,\r\n    a_b/items[at0039]/items[at0026]/value/defining_code/code_string as dayParts_code,\r\n    a_b/items[at0039]/items[at0026]/value/value as dayParts,\r\n    a_c/items[at0003]/value/defining_code/code_string as Week_day_code,\r\n    a_c/items[at0003]/value/value as Week_day,\r\n    a_d/items[at0066]/value/value as duration,\r\n    a/composer/name as composer_name,\r\n    a/context/start_time/value as start_composition_date,\r\n    a/uid/value as uid\r\nfrom EHR e\r\ncontains COMPOSITION a[openEHR-EHR-COMPOSITION.request.v1]\r\ncontains (\r\n    INSTRUCTION a_a[openEHR-EHR-INSTRUCTION.service_request.v1] and\r\n    CLUSTER a_b[openEHR-EHR-CLUSTER.timing_daily.v1] and\r\n    CLUSTER a_c[openEHR-EHR-CLUSTER.timing_nondaily.v1] and\r\n    CLUSTER a_d[openEHR-EHR-CLUSTER.service_direction.v0])\r\nwhere a/name/value='Vital Signs Measurement Request'\r\norder by start_composition_date desc\r\noffset 0 limit 1"}]}