{"name":"oximetryWidget","category":"view","description":"Oximetry widget data (pathfinder-lite)","metaData":null,"steps":[{"processorName":"jsonAql","processorData":"select\r\n    a/uid/value as uid,\r\n    a_a/data[at0001]/events[at0002]/data[at0003]/items[at0006]/value/numerator as spO2,\r\n    a_a/data[at0001]/events[at0002]/time/value as measurement_time\r\nfrom EHR e\r\ncontains COMPOSITION a[openEHR-EHR-COMPOSITION.encounter.v1]\r\ncontains OBSERVATION a_a[openEHR-EHR-OBSERVATION.pulse_oximetry.v1]\r\nwhere e/ehr_id/value = :ehrId\r\norder by measurement_time desc\r\nlimit 1"}]}